user_id,team_id,full_name,email,role,created_at
81c5f477-9554-4aa2-9025-00efc7bee7a1,3516d754-0922-468d-a18e-bec14b831875,Isabella Kim,isabella.kim4507@example.com,dev,2025-08-27T20:19:32.357847
87a158bc-c691-46d5-807c-090b339a2bf1,31f3d5ca-0239-4fc3-97cd-260db942f87e,Hannah Allen,hannah.allen1425@example.com,qa,2025-12-16T19:20:32.357847
3dd774d1-a439-4ed4-ac5d-2085afac01d5,86d5fde5-b38d-4c5b-a6c5-9bf4717161f5,James Walker,james.walker9864@example.com,dev,2025-06-27T20:44:32.357847
03f6c768-2452-4dad-ac81-769655738bcf,39d9f497-5268-4264-9a05-c511203c28e9,Samuel Harris,samuel.harris3612@example.com,dev,2025-04-08T18:37:32.357847
9fd97a54-530c-4101-b96e-85cd7db0ce9a,90293151-f6f1-4afc-9120-171094fe00ae,Wyatt Sanchez,wyatt.sanchez5575@example.com,dev,2025-06-11T09:19:32.357847
3a1546a0-5e58-4682-b3d2-70cb1093bebf,86f31b19-7cd7-40d1-b031-0273cd4109a0,Logan Brown,logan.brown5882@example.com,pm,2025-04-22T17:39:32.357847
a21a7586-f0a6-4043-a7ca-ebbedf389120,4e1c9021-15f1-4a02-915e-da7bbc3280b6,Samuel Jones,samuel.jones6202@example.com,dev,2025-03-22T22:46:32.357847
3a834259-b6ce-458e-b37a-49a51ed3e1c3,318beaf9-d15f-4f84-ac27-dd5921a71511,Matthew Hernandez,matthew.hernandez1140@example.com,dev,2025-05-29T10:20:32.357847
1320c2a6-39b6-4c84-b3e7-dabbe918a4bb,d7e966c0-538c-419a-8744-55fd5feea121,Mason Thompson,mason.thompson4555@example.com,dev,2025-01-09T14:02:32.357847
9c91ed5d-bcae-4eb5-a6f7-4c1eb94ff1ea,318beaf9-d15f-4f84-ac27-dd5921a71511,Elijah Green,elijah.green4375@example.com,qa,2025-11-04T23:45:32.357847
06ad0efe-f42c-4dd0-9829-17709320f7d0,90293151-f6f1-4afc-9120-171094fe00ae,Samuel Hall,samuel.hall4011@example.com,dev,2024-12-25T10:26:32.357847
6f191070-08aa-4968-b6c4-56327ec1ddf1,3516d754-0922-468d-a18e-bec14b831875,Wyatt King,wyatt.king3599@example.com,qa,2025-11-21T11:33:32.357847
86b00237-9512-4eff-97ad-6deeb30e6647,546717cc-f5a8-4c27-9abc-8a8820f7fbb9,Michael White,michael.white4387@example.com,dev,2025-03-01T12:44:32.357847
d26e2e08-bd14-4ef7-bdac-5a4a75a84ed1,d9ce1a61-299b-477c-ad7e-7dba3afea44e,Ella Flores,ella.flores7518@example.com,dev,2025-08-28T11:38:32.357847
e71278aa-8f9e-4bee-af58-768cb7aee5c6,ffaade6c-98e2-47b9-9b30-de496a1006cb,Samuel Anderson,samuel.anderson9578@example.com,dev,2024-12-05T08:11:32.357847
d4baa46f-ce26-41af-b2f6-e4424a2f995d,4226a61a-6a2f-412f-adef-e4a088a54e21,Owen Robinson,owen.robinson1490@example.com,pm,2025-09-27T14:45:32.357847
a7bcccd0-5bae-4a72-943b-bc650f361123,90293151-f6f1-4afc-9120-171094fe00ae,Aubrey Sanchez,aubrey.sanchez9772@example.com,dev,2024-12-22T23:56:32.357847
10ed9c8e-76d3-44a9-b474-e8aadf19801f,4d8fd0c8-f019-423d-8766-bb786166675a,Benjamin King,benjamin.king189@example.com,qa,2025-09-21T21:29:32.357847
fd6d4866-399f-45e4-93b0-6be2113aa219,ffaade6c-98e2-47b9-9b30-de496a1006cb,Carter Thomas,carter.thomas5574@example.com,dev,2024-10-29T13:56:32.357847
b0487e7a-520f-4528-a560-2c4d93f578af,79e63416-eb1c-4864-8471-d6a9747b6176,John Hall,john.hall4316@example.com,other,2025-07-19T02:27:32.357847
94a1a888-ff17-4c9f-81cf-8b8d2b614dde,1af4780d-bd6b-4617-8e74-8accdee5faea,Levi Moore,levi.moore8318@example.com,qa,2025-08-14T07:37:32.357847
5a640d45-aa4c-4199-aeb1-25b319cde9b0,90293151-f6f1-4afc-9120-171094fe00ae,Samuel Mitchell,samuel.mitchell8690@example.com,data,2025-02-20T04:24:32.357847
e238e391-5624-4fb1-851f-4830a7dd0a7b,1af4780d-bd6b-4617-8e74-8accdee5faea,Sofia Moore,sofia.moore3924@example.com,dev,2025-10-29T16:39:32.357847
46e45066-9ee1-4035-8dc7-c7f995c60980,d9ce1a61-299b-477c-ad7e-7dba3afea44e,Olivia Campbell,olivia.campbell8728@example.com,pm,2025-09-07T21:55:32.357847
44fdec4d-7ca5-4991-814b-9c5155b006a4,ffaade6c-98e2-47b9-9b30-de496a1006cb,Lucas Anderson,lucas.anderson8646@example.com,designer,2024-11-10T12:26:32.357847
0bae582e-1e13-43bb-bbd2-ddf4687ea657,ffaade6c-98e2-47b9-9b30-de496a1006cb,Carter Hall,carter.hall3296@example.com,qa,2024-12-04T21:44:32.357847
08a53ea2-63e8-4ca8-9451-c16e9e8984b8,318beaf9-d15f-4f84-ac27-dd5921a71511,Sebastian Young,sebastian.young7398@example.com,dev,2025-06-01T17:04:32.357847
75b6ed5c-8646-47f7-b246-0157ad22e106,79e63416-eb1c-4864-8471-d6a9747b6176,Riley King,riley.king3771@example.com,qa,2026-01-10T16:40:32.357847
998a827b-d53c-469d-9e4a-9596521e9943,3516d754-0922-468d-a18e-bec14b831875,Emma Gonzalez,emma.gonzalez1105@example.com,data,2025-02-13T16:53:32.357847
09c5f19d-2f0a-4905-ac21-ec3a3cc04bb1,d7e966c0-538c-419a-8744-55fd5feea121,Evelyn Green,evelyn.green7954@example.com,dev,2025-09-03T19:26:32.357847
8484f472-bfd6-47b8-95ee-47b3d3dbd50c,1e385107-39a0-4585-831d-2e95970590be,Matthew Lewis,matthew.lewis3982@example.com,pm,2024-11-27T13:19:32.357847
c78ec9bb-8584-434e-adba-08aa21e354b4,1af4780d-bd6b-4617-8e74-8accdee5faea,David Sanchez,david.sanchez5805@example.com,dev,2024-09-25T20:22:32.357847
d24d6ce7-33c9-4073-8caa-cced70c06e6f,31f3d5ca-0239-4fc3-97cd-260db942f87e,Lily Flores,lily.flores1613@example.com,dev,2025-02-04T16:10:32.357847
231a8c55-cc0b-4e79-b90d-26d6b81fe5d3,86d5fde5-b38d-4c5b-a6c5-9bf4717161f5,Harper Allen,harper.allen7351@example.com,dev,2025-07-14T10:56:32.357847
805d3a1b-a329-432a-92d8-9cb11f0494b7,d7e966c0-538c-419a-8744-55fd5feea121,Olivia Clark,olivia.clark9017@example.com,dev,2026-01-02T16:26:32.357847
5caea04f-c438-4696-a30c-14cfef592d89,8553113e-cafa-4f21-828c-419e03c6600b,Charlotte Rodriguez,charlotte.rodriguez6659@example.com,dev,2025-06-13T06:28:32.357847
eba2d474-5b56-490f-bf86-e624550452e8,546717cc-f5a8-4c27-9abc-8a8820f7fbb9,Lucas Thompson,lucas.thompson36@example.com,other,2025-04-21T05:07:32.357847
f488c645-7f95-4989-a113-a5db074c4e7f,8b1d55f6-adba-455e-aa45-550124500e18,Wyatt Hall,wyatt.hall9106@example.com,qa,2024-09-06T15:13:32.357847
963c85a2-1941-4e36-9659-b5e70396a11d,5a12d069-8aa5-436c-b266-d364276c449a,Elijah Smith,elijah.smith9490@example.com,qa,2025-11-15T20:05:32.357847
c493aaaf-8108-4fc4-ac3e-c2d4fe63f92b,546717cc-f5a8-4c27-9abc-8a8820f7fbb9,Emma Scott,emma.scott7812@example.com,dev,2025-08-09T17:53:32.357847
566b4a56-d19c-4afe-bf1c-b5f59a6d10b5,86f31b19-7cd7-40d1-b031-0273cd4109a0,Amelia Johnson,amelia.johnson9750@example.com,dev,2025-05-22T07:18:32.357847
1ad0605a-e2be-4f94-88bd-57c55e6e3bbc,1e385107-39a0-4585-831d-2e95970590be,Charlotte Scott,charlotte.scott9741@example.com,dev,2025-10-26T05:43:32.357847
0c887bf6-9f42-41a2-beca-dc550500564c,1e385107-39a0-4585-831d-2e95970590be,Matthew Young,matthew.young5184@example.com,data,2025-06-21T21:40:32.357847
3f1bc1e9-a84c-4501-ba1d-8fe0c4c27770,933533cc-baa3-470b-abb3-b75096a9bb13,Charlotte Anderson,charlotte.anderson6485@example.com,dev,2025-03-16T05:05:32.357847
58e50ef3-c9ec-42c5-9e27-b819b293783a,8553113e-cafa-4f21-828c-419e03c6600b,Olivia Patel,olivia.patel7509@example.com,qa,2025-10-07T16:51:32.357847
82177f98-ba2b-4f6c-b91b-49bfee173426,86d5fde5-b38d-4c5b-a6c5-9bf4717161f5,Owen Anderson,owen.anderson2171@example.com,data,2025-11-08T12:02:32.357847
58c0543e-48e6-4944-a8c6-86459cddaa2c,5a12d069-8aa5-436c-b266-d364276c449a,Lucas Clark,lucas.clark8901@example.com,qa,2026-01-08T21:33:32.357847
925397a9-7b1b-498a-9db6-c79cf0767883,ffaade6c-98e2-47b9-9b30-de496a1006cb,Abigail Green,abigail.green1698@example.com,data,2025-09-02T11:18:32.357847
286f07b6-9ea9-46e8-a374-551961258dd8,1af4780d-bd6b-4617-8e74-8accdee5faea,Hannah King,hannah.king2547@example.com,dev,2025-06-15T21:04:32.357847
dfb04dc9-f1dc-4f6d-a422-1fff1d918dc0,86d5fde5-b38d-4c5b-a6c5-9bf4717161f5,Aubrey Hill,aubrey.hill4326@example.com,dev,2025-05-05T18:20:32.357847
61950a82-0f58-456d-b71f-bb39102dd62c,3516d754-0922-468d-a18e-bec14b831875,Avery Thomas,avery.thomas723@example.com,dev,2025-09-05T23:09:32.357847
15acb1fa-4d4b-4c67-a746-9e93eb19e53c,90293151-f6f1-4afc-9120-171094fe00ae,Hannah Clark,hannah.clark9039@example.com,qa,2026-01-08T16:21:32.357847
bd85745d-5e5d-4c94-ace9-b04d99284925,39d9f497-5268-4264-9a05-c511203c28e9,Ethan Allen,ethan.allen591@example.com,pm,2025-08-19T06:17:32.357847
8c8032b2-7fbc-42f3-bc3b-97305194a659,546717cc-f5a8-4c27-9abc-8a8820f7fbb9,Abigail Perez,abigail.perez654@example.com,designer,2025-06-15T22:10:32.357847
35231a5e-5825-4f28-9124-ca32aa6510fa,31f3d5ca-0239-4fc3-97cd-260db942f87e,Mason Lee,mason.lee9174@example.com,designer,2024-11-26T23:38:32.357847
767f05fb-fcc7-408d-940a-a6a363b02676,4226a61a-6a2f-412f-adef-e4a088a54e21,Charlotte Rodriguez,charlotte.rodriguez2901@example.com,designer,2025-12-23T13:38:32.357847
57daa10c-bfc6-4538-ae7e-4a671a29b493,933533cc-baa3-470b-abb3-b75096a9bb13,Jackson Green,jackson.green4066@example.com,dev,2025-09-29T06:30:32.357847
9100fe3a-a319-4c9b-b4c2-9523e38f9c0c,546717cc-f5a8-4c27-9abc-8a8820f7fbb9,Jack Gonzalez,jack.gonzalez3270@example.com,pm,2024-10-03T08:06:32.357847
dbfaf125-79cf-4bd0-be8b-9bd8c8b39491,d7e966c0-538c-419a-8744-55fd5feea121,James Kim,james.kim3165@example.com,dev,2025-04-07T16:36:32.357847
6dd31678-fb85-4f61-be7c-0502a72359ae,35ed53ca-c548-43b8-a782-af5c0a0997ed,Daniel Flores,daniel.flores8347@example.com,dev,2025-02-12T19:18:32.357847
90773d03-0648-48d2-a7d6-91ec91937767,35ed53ca-c548-43b8-a782-af5c0a0997ed,Amelia Scott,amelia.scott4350@example.com,dev,2024-10-30T07:39:32.357847
57bd3394-14f0-4bcf-ab83-841eec5609b4,933533cc-baa3-470b-abb3-b75096a9bb13,Avery Torres,avery.torres8380@example.com,dev,2025-07-07T11:23:32.357847
e50e3397-0cec-4839-9e5b-b806867328f7,39d9f497-5268-4264-9a05-c511203c28e9,Avery Patel,avery.patel8519@example.com,data,2025-06-30T07:58:32.357847
29ceedc7-4293-483b-91bc-797236af1daf,86f31b19-7cd7-40d1-b031-0273cd4109a0,David Martin,david.martin5144@example.com,qa,2025-09-11T19:28:32.357847
07b1e93f-1717-499c-b985-ff0c1289846a,5a12d069-8aa5-436c-b266-d364276c449a,Owen Moore,owen.moore6692@example.com,dev,2025-03-21T02:17:32.357847
058ca0a6-3d7e-4776-95ef-d5824ba87953,86d5fde5-b38d-4c5b-a6c5-9bf4717161f5,Jackson Green,jackson.green6212@example.com,qa,2025-07-22T23:49:32.357847
e52b117b-ef01-4a68-9758-73e560659405,5a12d069-8aa5-436c-b266-d364276c449a,Ella King,ella.king7@example.com,dev,2025-06-16T05:35:32.357847
39c0c7d1-037b-4dc6-a478-5c22dedd0bf6,1e385107-39a0-4585-831d-2e95970590be,Joseph Flores,joseph.flores5280@example.com,dev,2024-10-21T22:12:32.357847
b5f326b0-1e96-453a-87ca-09436a987fae,4d8fd0c8-f019-423d-8766-bb786166675a,Jack Rivera,jack.rivera2781@example.com,qa,2025-04-02T02:43:32.357847
d2e92152-9fb6-418b-b66b-0e9bfd42b880,3516d754-0922-468d-a18e-bec14b831875,Aria Martin,aria.martin1531@example.com,pm,2025-05-21T22:06:32.357847
82aebc73-f0d7-4d03-9083-aaccaa865afe,d7e966c0-538c-419a-8744-55fd5feea121,Harper Davis,harper.davis401@example.com,dev,2024-09-17T23:31:32.357847
f366497c-54ba-442b-b057-a733bfd7df21,8553113e-cafa-4f21-828c-419e03c6600b,Olivia Ramirez,olivia.ramirez6791@example.com,designer,2025-07-01T20:41:32.357847
00e14dc8-60a6-4d59-8438-1166e7908138,b30c5a1e-8330-4735-a3d7-c3410f3ca99b,Grace White,grace.white3998@example.com,dev,2026-01-12T15:36:32.357847
92f5a2d3-7f50-46e5-9370-b4d0c77dfc7d,8b1d55f6-adba-455e-aa45-550124500e18,James Martinez,james.martinez8487@example.com,dev,2025-05-07T15:56:32.357847
54adc78b-4122-4e24-b7fd-60e4f57edc2f,4226a61a-6a2f-412f-adef-e4a088a54e21,Scarlett Green,scarlett.green8703@example.com,other,2025-02-27T04:46:32.357847
dc065fc2-fa90-45b1-b5f2-d19a7298f15d,0f29e8b9-2559-4371-ba66-a030e5c808fb,Owen Sanchez,owen.sanchez8977@example.com,dev,2025-08-07T19:30:32.357847
dd2cb7aa-0512-4ad3-b4ce-dbc8a0592a6d,d9ce1a61-299b-477c-ad7e-7dba3afea44e,Sebastian Anderson,sebastian.anderson4051@example.com,pm,2025-04-09T02:54:32.357847
9c02356a-de2c-4ab8-b9f7-44550db02218,3516d754-0922-468d-a18e-bec14b831875,Charlotte Thomas,charlotte.thomas7207@example.com,dev,2025-03-31T12:08:32.357847
d7a340be-7652-4dc1-aa98-c50143252682,933533cc-baa3-470b-abb3-b75096a9bb13,Michael Allen,michael.allen1321@example.com,dev,2025-05-26T06:41:32.357847
d734dd73-04ed-4d55-b099-e334be223c09,4226a61a-6a2f-412f-adef-e4a088a54e21,Zoey Lopez,zoey.lopez1053@example.com,dev,2025-02-13T01:56:32.357847
4fa83ce1-9520-442f-ad6a-4446c1911fc1,8b1d55f6-adba-455e-aa45-550124500e18,Emma Lopez,emma.lopez6884@example.com,dev,2025-12-28T01:01:32.357847
75a2d316-0f21-427c-a98d-339c48541263,d9ce1a61-299b-477c-ad7e-7dba3afea44e,Ava Lee,ava.lee4893@example.com,pm,2024-11-14T01:38:32.357847
101395dc-934c-4547-8ff0-c5e16f3bd17e,0f29e8b9-2559-4371-ba66-a030e5c808fb,Samuel Torres,samuel.torres3614@example.com,dev,2025-04-13T05:54:32.357847
4e260762-ac66-4cec-96b9-e1131f61888d,79e63416-eb1c-4864-8471-d6a9747b6176,Logan Martin,logan.martin6625@example.com,qa,2024-09-26T14:46:32.357847
82c22247-d9c7-463b-9e71-8b13ff1c92c4,ffaade6c-98e2-47b9-9b30-de496a1006cb,Liam White,liam.white9698@example.com,qa,2025-12-21T16:44:32.357847
996e7c03-135a-442a-8298-f9dc2cd9b601,8b1d55f6-adba-455e-aa45-550124500e18,Mia Ramirez,mia.ramirez2978@example.com,dev,2024-12-25T09:12:32.357847
322e0b90-47ee-465f-b8bf-29c7a98b7ed6,4e1c9021-15f1-4a02-915e-da7bbc3280b6,Michael Martin,michael.martin6212@example.com,dev,2024-11-12T10:32:32.357847
1ec75559-5af4-4b27-b6ad-3e51acd93300,86f31b19-7cd7-40d1-b031-0273cd4109a0,Jack Kim,jack.kim8838@example.com,dev,2025-01-24T11:44:32.357847
45aebd68-5100-4bc8-9222-3422e2ee2e00,86f31b19-7cd7-40d1-b031-0273cd4109a0,Layla Flores,layla.flores660@example.com,pm,2025-05-09T12:32:32.357847
e6ae52f4-82ba-4153-be6c-950e8499ddbe,79e63416-eb1c-4864-8471-d6a9747b6176,Aria Davis,aria.davis3909@example.com,dev,2025-09-22T01:12:32.357847
395b5268-03e3-400d-8706-bdcbd852517d,4e1c9021-15f1-4a02-915e-da7bbc3280b6,Wyatt Anderson,wyatt.anderson6044@example.com,dev,2025-09-22T14:06:32.357847
f821bc02-6dca-41b1-9a68-f8edcc4053aa,1af4780d-bd6b-4617-8e74-8accdee5faea,Riley Kim,riley.kim5112@example.com,qa,2024-12-29T06:40:32.357847
230336ac-9a03-4292-a489-9effc03b3def,86d5fde5-b38d-4c5b-a6c5-9bf4717161f5,Olivia Scott,olivia.scott3979@example.com,dev,2025-03-14T21:47:32.357847
73899a63-1ad4-47a9-8ac8-be41dc406e23,1af4780d-bd6b-4617-8e74-8accdee5faea,Matthew Garcia,matthew.garcia5689@example.com,dev,2025-01-03T16:53:32.357847
f480ea1e-bdc6-4f66-8d00-2a09caf03705,3516d754-0922-468d-a18e-bec14b831875,Emily Patel,emily.patel6883@example.com,pm,2025-10-01T06:02:32.357847
175c8aaf-7c13-4a30-a3d0-c61caa261167,3516d754-0922-468d-a18e-bec14b831875,Scarlett Baker,scarlett.baker2507@example.com,dev,2024-07-31T23:08:32.357847
3a27aac9-a3ab-4f7a-a494-6cdf769eb5a3,4bfdc391-9a8b-4aab-baca-9d0091f02b45,Samuel Mitchell,samuel.mitchell7922@example.com,dev,2025-04-18T08:31:32.357847
bf65b9ab-a4a6-4ebe-8536-795a076b396c,d7e966c0-538c-419a-8744-55fd5feea121,Sophia Thomas,sophia.thomas7386@example.com,dev,2024-09-29T00:46:32.357847
f686fa1d-a556-49e3-baf7-07973bf6392b,31f3d5ca-0239-4fc3-97cd-260db942f87e,Logan Martin,logan.martin471@example.com,dev,2025-02-19T13:54:32.357847
dd0ee5c0-2c57-42aa-8085-4dd47b71b925,86d5fde5-b38d-4c5b-a6c5-9bf4717161f5,Daniel Anderson,daniel.anderson5577@example.com,dev,2025-04-10T02:25:32.357847
5b39db8e-3f45-4d43-baaa-a405cd896bc8,4d8fd0c8-f019-423d-8766-bb786166675a,Harper Williams,harper.williams3955@example.com,qa,2024-09-04T01:37:32.357847
44e34910-a4b5-4ce7-afdc-4b2b5d685498,d7e966c0-538c-419a-8744-55fd5feea121,Wyatt Lewis,wyatt.lewis8042@example.com,dev,2025-12-31T17:07:32.357847
ef068905-e0bd-4955-aff6-8a6034e4a992,d7e966c0-538c-419a-8744-55fd5feea121,Ella Nelson,ella.nelson3987@example.com,dev,2025-01-05T03:50:32.357847
e703b61b-0de4-4fda-afd1-36a9cc586390,4d8fd0c8-f019-423d-8766-bb786166675a,Daniel Sanchez,daniel.sanchez9018@example.com,dev,2024-10-10T11:06:32.357847
30baff5a-b54d-4c47-83c0-e0d1a2891474,35ed53ca-c548-43b8-a782-af5c0a0997ed,James Jones,james.jones3156@example.com,dev,2025-07-12T13:12:32.357847
cfcab422-65de-4fc0-9ada-02b2c3c55d56,0f29e8b9-2559-4371-ba66-a030e5c808fb,Jack Thomas,jack.thomas9660@example.com,other,2024-07-29T00:07:32.357847
3a5bfe08-cb96-423f-b39e-ae5aaad6eda8,1af4780d-bd6b-4617-8e74-8accdee5faea,Harper Taylor,harper.taylor3728@example.com,dev,2025-03-14T18:40:32.357847
829e8d41-a9ae-4e5a-bdc6-a83da50f5f5d,ffaade6c-98e2-47b9-9b30-de496a1006cb,Mia Thomas,mia.thomas746@example.com,other,2025-03-23T21:17:32.357847
df7b91be-2194-4607-b1f0-0a637fee47de,3516d754-0922-468d-a18e-bec14b831875,Carter Robinson,carter.robinson1681@example.com,designer,2025-04-01T03:55:32.357847
d937dea8-d659-48d8-9eb9-76394ceb652e,4e1c9021-15f1-4a02-915e-da7bbc3280b6,Emily Martinez,emily.martinez842@example.com,dev,2024-09-15T15:33:32.357847
01764f42-8551-4579-84bc-ce5d0d88075d,86f31b19-7cd7-40d1-b031-0273cd4109a0,Ella Robinson,ella.robinson1214@example.com,qa,2025-11-24T15:16:32.357847
9ec4f9f9-c8d3-44d3-a90c-6b7a7baf9f97,1e385107-39a0-4585-831d-2e95970590be,Abigail Williams,abigail.williams4067@example.com,dev,2024-11-16T23:47:32.357847
69266b0c-2609-4424-809d-a4b780c987c4,4bfdc391-9a8b-4aab-baca-9d0091f02b45,James Mitchell,james.mitchell8562@example.com,dev,2024-10-21T09:30:32.357847
2042a08a-ff79-47fc-9b89-1f2e1e948c32,1e385107-39a0-4585-831d-2e95970590be,Avery Moore,avery.moore9317@example.com,qa,2025-10-08T12:45:32.357847
1c3b506e-f35b-4f7a-a64c-95606171bd4a,86d5fde5-b38d-4c5b-a6c5-9bf4717161f5,Benjamin Green,benjamin.green1331@example.com,dev,2025-07-24T02:21:32.357847
781687e6-891a-4bc0-af45-2f8892897073,90293151-f6f1-4afc-9120-171094fe00ae,Ava Harris,ava.harris7382@example.com,qa,2024-09-23T10:23:32.357847
d5c9a0a6-e2b6-4e3a-a859-cdd1730165c2,d7e966c0-538c-419a-8744-55fd5feea121,Henry Baker,henry.baker4633@example.com,qa,2024-10-10T16:42:32.357847
9354ec7b-5c29-4b97-b634-cadbf544a98d,d7e966c0-538c-419a-8744-55fd5feea121,Benjamin Hill,benjamin.hill9664@example.com,qa,2025-06-29T06:18:32.357847
8757df2e-2198-4d98-a1ae-358bda2a82bd,ffaade6c-98e2-47b9-9b30-de496a1006cb,James Flores,james.flores2442@example.com,data,2025-08-25T17:22:32.357847
f5608f88-5804-49de-afdd-0bd67621ce51,90293151-f6f1-4afc-9120-171094fe00ae,Abigail Torres,abigail.torres9326@example.com,data,2024-10-25T15:56:32.357847
a526a40d-0341-402b-8c15-35c07a097f96,39d9f497-5268-4264-9a05-c511203c28e9,Abigail Nelson,abigail.nelson6595@example.com,data,2024-08-23T01:54:32.357847
ed49e0d4-4ea1-4631-a261-244d3c640529,4e1c9021-15f1-4a02-915e-da7bbc3280b6,Sophia Torres,sophia.torres654@example.com,designer,2025-02-21T00:09:32.357847
69441462-ca99-4443-a49a-bdcb8d7e7787,79e63416-eb1c-4864-8471-d6a9747b6176,Sophia Gonzalez,sophia.gonzalez9425@example.com,qa,2025-12-26T21:33:32.357847
90f497b1-db5e-419f-bb2d-4bc353e57246,35ed53ca-c548-43b8-a782-af5c0a0997ed,Matthew Garcia,matthew.garcia2871@example.com,dev,2024-10-22T11:14:32.357847
ed6c7c60-b79a-442c-a5ba-390fc9e28c71,1e385107-39a0-4585-831d-2e95970590be,Avery Hill,avery.hill8057@example.com,data,2024-09-23T07:59:32.357847
dd49f1a9-d0c4-4a77-b849-a90bcc78c5cb,933533cc-baa3-470b-abb3-b75096a9bb13,Michael Green,michael.green1714@example.com,designer,2025-02-14T05:41:32.357847
ce39f2f6-43f3-44b8-a326-9bacc4090720,d9ce1a61-299b-477c-ad7e-7dba3afea44e,Henry Green,henry.green6562@example.com,pm,2025-12-11T05:20:32.357847
49a4c94c-d6fb-46e4-8665-ae41496afb21,933533cc-baa3-470b-abb3-b75096a9bb13,Benjamin Jackson,benjamin.jackson1900@example.com,other,2024-11-30T02:33:32.357847
963e22c0-80e4-4b5d-977d-44560649642e,79e63416-eb1c-4864-8471-d6a9747b6176,David Allen,david.allen7570@example.com,dev,2025-07-09T03:02:32.357847
b9587822-329a-4b88-92a3-4456c8cf7184,4bfdc391-9a8b-4aab-baca-9d0091f02b45,Carter Robinson,carter.robinson7243@example.com,pm,2025-06-23T10:50:32.357847
cc4bf663-519a-449e-898b-74dfcab45b5d,4226a61a-6a2f-412f-adef-e4a088a54e21,Henry Clark,henry.clark7942@example.com,dev,2025-05-16T21:15:32.357847
2cfd0cd6-5d17-486f-aab4-7eea2449871d,5a12d069-8aa5-436c-b266-d364276c449a,Victoria Patel,victoria.patel9049@example.com,dev,2025-06-01T15:56:32.357847
95e25f33-5b69-4e33-b4db-faa04bc1da6c,1af4780d-bd6b-4617-8e74-8accdee5faea,Lily Davis,lily.davis8166@example.com,data,2025-03-25T02:40:32.357847
c94793c6-8a63-44d6-be7c-f5dee5b8cc37,35ed53ca-c548-43b8-a782-af5c0a0997ed,Jackson Lewis,jackson.lewis7737@example.com,dev,2025-08-22T07:13:32.357847
6682c0e4-4f59-4cfc-86f0-b3fe50da57e7,4bfdc391-9a8b-4aab-baca-9d0091f02b45,Owen Rivera,owen.rivera2237@example.com,designer,2025-04-10T06:04:32.357847
27210e2d-f600-4a72-9223-8abc4a6cb83b,4d8fd0c8-f019-423d-8766-bb786166675a,Evelyn Patel,evelyn.patel4635@example.com,qa,2024-09-03T14:57:32.357847
8809f7b1-7067-402e-a318-161d872a02e5,ffaade6c-98e2-47b9-9b30-de496a1006cb,Jack Lee,jack.lee5447@example.com,qa,2024-12-27T04:26:32.357847
0b88d09d-1c23-4688-9c35-18dec4e2f5c2,933533cc-baa3-470b-abb3-b75096a9bb13,Harper Nelson,harper.nelson3913@example.com,qa,2025-05-23T06:23:32.357847
15f0ac69-0996-47a7-b823-681b50548f27,933533cc-baa3-470b-abb3-b75096a9bb13,Hannah Lewis,hannah.lewis6247@example.com,dev,2025-08-15T04:23:32.357847
1edf62b5-9e75-4df5-a189-eaa0bb59c9f6,4226a61a-6a2f-412f-adef-e4a088a54e21,Owen Scott,owen.scott5440@example.com,designer,2024-10-24T15:52:32.357847
f226438b-e0b3-4907-854c-f21243564da2,4e1c9021-15f1-4a02-915e-da7bbc3280b6,Ava Hall,ava.hall2362@example.com,dev,2025-08-12T16:55:32.357847
ee64942c-9ef3-476e-8c34-b89f3852361e,35ed53ca-c548-43b8-a782-af5c0a0997ed,Emily Nguyen,emily.nguyen6513@example.com,qa,2025-02-14T21:31:32.357847
637d5776-4d21-4cfc-a590-aa5b7b049b2a,ffaade6c-98e2-47b9-9b30-de496a1006cb,Logan Jackson,logan.jackson7995@example.com,designer,2025-12-12T00:21:32.357847
e49a2a62-ad40-4521-86e0-7f80f5deb287,d7e966c0-538c-419a-8744-55fd5feea121,Levi Adams,levi.adams4709@example.com,other,2025-10-17T06:19:32.357847
10a35013-fb8b-4ac9-ba2d-86a88f271ab2,8553113e-cafa-4f21-828c-419e03c6600b,Levi Baker,levi.baker1647@example.com,dev,2025-03-17T19:23:32.357847
301f58a2-2d93-4f33-994e-38c8c40a1f28,933533cc-baa3-470b-abb3-b75096a9bb13,Emma Taylor,emma.taylor5874@example.com,dev,2025-08-21T11:52:32.357847
04ef2088-d806-465f-b9e2-633c4d0d6396,8b1d55f6-adba-455e-aa45-550124500e18,Matthew Adams,matthew.adams2951@example.com,dev,2025-10-28T23:30:32.357847
19afc105-70fd-4f37-a543-d223a5e3403b,b30c5a1e-8330-4735-a3d7-c3410f3ca99b,Aria Adams,aria.adams3946@example.com,dev,2025-08-24T11:56:32.357847
8861338d-cff3-4149-9452-9d63fafb91a8,3516d754-0922-468d-a18e-bec14b831875,Benjamin Ramirez,benjamin.ramirez4184@example.com,qa,2024-09-28T09:42:32.357847
206f0478-218f-423c-8a39-d95490510da3,ffaade6c-98e2-47b9-9b30-de496a1006cb,Lucas Johnson,lucas.johnson7238@example.com,data,2025-03-16T22:58:32.357847
ee574da4-3269-4ac0-964e-f4cf1615c34c,39d9f497-5268-4264-9a05-c511203c28e9,Benjamin Ramirez,benjamin.ramirez4950@example.com,dev,2024-12-20T04:19:32.357847
ee3a95c7-d8fd-4f72-b01c-ff84d11dd6a6,d7e966c0-538c-419a-8744-55fd5feea121,Logan Wright,logan.wright5882@example.com,qa,2025-03-21T18:32:32.357847
1c08a77e-5459-46de-9547-8c81bf9cef74,31f3d5ca-0239-4fc3-97cd-260db942f87e,Ella Thomas,ella.thomas133@example.com,qa,2025-11-27T23:38:32.357847
149f55bf-9066-4489-bd1a-fe1102f63f68,d9ce1a61-299b-477c-ad7e-7dba3afea44e,Henry Mitchell,henry.mitchell3771@example.com,qa,2025-01-22T11:45:32.357847
ef904503-e8ad-423b-93a9-9832411a8278,86d5fde5-b38d-4c5b-a6c5-9bf4717161f5,Aria Anderson,aria.anderson2241@example.com,qa,2025-12-08T09:35:32.357847
0f88bc6c-c0d3-4df1-8c57-5444442a4fd8,4e1c9021-15f1-4a02-915e-da7bbc3280b6,Noah Scott,noah.scott5978@example.com,qa,2025-10-17T10:05:32.357847
e3884ab5-5167-4166-b2e8-6c5e759023d8,0f29e8b9-2559-4371-ba66-a030e5c808fb,Jackson Martinez,jackson.martinez3290@example.com,dev,2025-01-08T02:53:32.357847
f55bdf0c-02d9-4d52-8ebc-d1a3601b481d,35ed53ca-c548-43b8-a782-af5c0a0997ed,Lucas Anderson,lucas.anderson7895@example.com,data,2025-03-20T19:30:32.357847
68e216a8-7ffc-4e5b-8db4-0e169a492a7e,933533cc-baa3-470b-abb3-b75096a9bb13,Isabella Ramirez,isabella.ramirez1234@example.com,dev,2025-05-30T21:39:32.357847
255ee071-49f6-455c-bb3c-be5a7a534fe8,31f3d5ca-0239-4fc3-97cd-260db942f87e,Ella King,ella.king5993@example.com,dev,2024-12-09T19:09:32.357847
31d43001-10fa-441d-8eff-944b0f25117f,ffaade6c-98e2-47b9-9b30-de496a1006cb,Isabella Ramirez,isabella.ramirez6039@example.com,qa,2025-04-24T01:01:32.357847
45d38532-0763-467f-9b0f-fffbeddf942b,3516d754-0922-468d-a18e-bec14b831875,Sofia Brown,sofia.brown3831@example.com,dev,2025-02-16T00:11:32.357847
189fe02e-d167-4012-a378-2ada8a6a7639,3516d754-0922-468d-a18e-bec14b831875,Olivia Hill,olivia.hill7607@example.com,data,2025-03-13T22:59:32.357847
73a7ea69-9a86-4e9e-bd65-ed3f7e2d84a2,1af4780d-bd6b-4617-8e74-8accdee5faea,Mia Garcia,mia.garcia610@example.com,dev,2024-08-31T16:19:32.357847
9ba2392b-6cb0-4504-93db-73fb58437933,d7e966c0-538c-419a-8744-55fd5feea121,Samuel Miller,samuel.miller6368@example.com,dev,2024-11-14T00:38:32.357847
21547616-5199-496d-89d6-6671aec48b5a,0f29e8b9-2559-4371-ba66-a030e5c808fb,Ethan Harris,ethan.harris1623@example.com,pm,2024-11-26T11:23:32.357847
a14488f2-2667-4f2c-af72-b690604e8018,39d9f497-5268-4264-9a05-c511203c28e9,Sofia Lopez,sofia.lopez7265@example.com,dev,2025-05-21T08:19:32.357847
083c2a2d-d56d-44d6-843c-e6db92ae1415,31f3d5ca-0239-4fc3-97cd-260db942f87e,Sofia Allen,sofia.allen5877@example.com,dev,2025-04-10T13:18:32.357847
bebdb131-5c8d-441b-9e35-3370b9fae4d4,4e1c9021-15f1-4a02-915e-da7bbc3280b6,Sophia Green,sophia.green3476@example.com,qa,2025-12-27T17:35:32.357847
01c3b90b-db7c-4004-982d-1cc36919c6c1,933533cc-baa3-470b-abb3-b75096a9bb13,Charlotte Miller,charlotte.miller9251@example.com,dev,2025-06-19T01:12:32.357847
22cacb51-cb0b-4a52-bc05-de41ba02cc55,d7e966c0-538c-419a-8744-55fd5feea121,Emily Mitchell,emily.mitchell2418@example.com,pm,2026-01-15T10:31:32.357847
6bede29a-5df1-4b40-8752-a13fab945e3d,4226a61a-6a2f-412f-adef-e4a088a54e21,Mia Allen,mia.allen4107@example.com,pm,2025-09-26T21:30:32.357847
86b590ea-2c47-43cf-8cf4-598d9448c85c,79e63416-eb1c-4864-8471-d6a9747b6176,Mia Patel,mia.patel5870@example.com,pm,2025-05-19T01:05:32.357847
93a613ca-da0d-4f51-afcc-22837d040335,79e63416-eb1c-4864-8471-d6a9747b6176,Amelia Anderson,amelia.anderson859@example.com,dev,2024-11-12T03:18:32.357847
5de2a4d2-5e89-4e98-bf6c-07843fff23e6,0f29e8b9-2559-4371-ba66-a030e5c808fb,Olivia Lewis,olivia.lewis7345@example.com,pm,2024-08-10T01:19:32.357847
97d0becf-2637-46ac-a2cd-6eee718074d0,4e1c9021-15f1-4a02-915e-da7bbc3280b6,Owen Gonzalez,owen.gonzalez711@example.com,qa,2024-08-02T09:56:32.357847
2a31611b-4398-48f8-b95d-d6926c05a15c,3516d754-0922-468d-a18e-bec14b831875,Liam Smith,liam.smith7848@example.com,pm,2024-11-06T22:19:32.357847
51227a82-2c29-496d-b23f-5f2ed1326d00,d9ce1a61-299b-477c-ad7e-7dba3afea44e,Zoey Clark,zoey.clark1205@example.com,designer,2025-02-22T00:16:32.357847
dd905336-501b-470a-8e4b-2fc245179ba5,86f31b19-7cd7-40d1-b031-0273cd4109a0,Mia Thomas,mia.thomas9591@example.com,dev,2025-02-19T06:47:32.357847
8547ad0b-ccd8-4050-ab01-df6bcc340909,4d8fd0c8-f019-423d-8766-bb786166675a,Henry Ramirez,henry.ramirez8283@example.com,qa,2025-10-07T21:18:32.357847
158d67e8-c1eb-4206-8513-fa89963ecc44,3516d754-0922-468d-a18e-bec14b831875,Lily Mitchell,lily.mitchell9034@example.com,qa,2025-06-11T05:57:32.357847
f5ccd994-11d0-478f-af20-97e23528057a,d7e966c0-538c-419a-8744-55fd5feea121,Jackson Martin,jackson.martin7431@example.com,dev,2025-10-12T08:58:32.357847
b41cab0b-7765-4647-8531-176120d6acb1,933533cc-baa3-470b-abb3-b75096a9bb13,David Anderson,david.anderson6133@example.com,data,2024-09-19T17:20:32.357847
19192e42-829d-49d7-ac59-4361e19520d4,86f31b19-7cd7-40d1-b031-0273cd4109a0,Sophia Sanchez,sophia.sanchez1583@example.com,qa,2025-01-01T14:50:32.357847
25bcfb57-79a5-4a80-b1ff-3a5c39a200e4,546717cc-f5a8-4c27-9abc-8a8820f7fbb9,Riley King,riley.king9203@example.com,dev,2025-09-14T06:03:32.357847
ed15cdd3-c94f-458a-ad9d-a825e7fd08fd,31f3d5ca-0239-4fc3-97cd-260db942f87e,Carter Sanchez,carter.sanchez843@example.com,data,2025-03-04T08:19:32.357847
5c7f18c4-8814-4ff4-a0de-2ed38a095b9b,1e385107-39a0-4585-831d-2e95970590be,Owen Lopez,owen.lopez2536@example.com,qa,2025-06-02T16:03:32.357847
91222df6-9c5a-4286-8891-916c13574145,ffaade6c-98e2-47b9-9b30-de496a1006cb,Sofia Jones,sofia.jones4565@example.com,qa,2024-11-04T01:36:32.357847
e92c05f8-64f8-45e3-8135-d7796ba9e30a,4bfdc391-9a8b-4aab-baca-9d0091f02b45,Aria Adams,aria.adams9122@example.com,dev,2025-04-19T19:14:32.357847
88e4b097-e836-48b9-8ec8-96e9a3ab499b,35ed53ca-c548-43b8-a782-af5c0a0997ed,Wyatt Campbell,wyatt.campbell5063@example.com,data,2025-01-23T19:14:32.357847
a99a1af7-1d6c-4b0e-920e-d7c70fd91ed5,4226a61a-6a2f-412f-adef-e4a088a54e21,Matthew Green,matthew.green6567@example.com,dev,2025-12-17T16:38:32.357847
6fe3e974-b757-40bc-acf2-c6a578487a51,4d8fd0c8-f019-423d-8766-bb786166675a,Elijah Thompson,elijah.thompson6879@example.com,dev,2025-08-09T08:06:32.357847
a30b85a0-7480-4e37-88a7-655c4a80595b,0f29e8b9-2559-4371-ba66-a030e5c808fb,Michael Mitchell,michael.mitchell9300@example.com,qa,2025-11-25T15:15:32.357847
12959161-ee32-4e1d-9ce7-759bc85e1db7,8553113e-cafa-4f21-828c-419e03c6600b,Aria Smith,aria.smith1337@example.com,dev,2024-11-09T03:47:32.357847
e7235c2d-9408-44f6-8e66-dd5de0a30f4b,4e1c9021-15f1-4a02-915e-da7bbc3280b6,Jackson Thomas,jackson.thomas3532@example.com,pm,2025-09-23T07:58:32.357847
ef063776-87ab-4398-a733-925473b850bc,1af4780d-bd6b-4617-8e74-8accdee5faea,Henry Adams,henry.adams9718@example.com,dev,2025-03-08T18:11:32.357847
b6dff830-5f0d-4b95-aa7d-09106f638ec1,b30c5a1e-8330-4735-a3d7-c3410f3ca99b,Joseph Smith,joseph.smith126@example.com,dev,2025-06-15T14:37:32.357847
fe804a61-c284-4418-9070-ffd04f60a50a,35ed53ca-c548-43b8-a782-af5c0a0997ed,Henry Jackson,henry.jackson1966@example.com,dev,2024-11-03T14:17:32.357847
b5b1e001-e892-4c6b-a1e7-44d289c1cf13,b30c5a1e-8330-4735-a3d7-c3410f3ca99b,Samuel Baker,samuel.baker3771@example.com,dev,2025-01-20T17:00:32.357847
e137fa58-28da-4811-bb4e-7222b77cfdee,0f29e8b9-2559-4371-ba66-a030e5c808fb,Noah Sanchez,noah.sanchez308@example.com,dev,2025-10-30T08:49:32.357847
6261dae2-20a8-498e-92ab-21021d9a0663,8b1d55f6-adba-455e-aa45-550124500e18,Matthew White,matthew.white6844@example.com,dev,2024-11-29T19:05:32.357847
bb37a4d9-f314-482c-a8cb-5db4bb05fe62,90293151-f6f1-4afc-9120-171094fe00ae,Aria Ramirez,aria.ramirez5929@example.com,dev,2025-10-01T11:58:32.357847
0c39a7b0-6ef2-48ce-8378-447113ce674d,1e385107-39a0-4585-831d-2e95970590be,Ella Young,ella.young1289@example.com,dev,2025-03-05T20:04:32.357847
cc8dc766-9d20-4422-8f6a-077c907330db,d7e966c0-538c-419a-8744-55fd5feea121,Emily Mitchell,emily.mitchell2755@example.com,dev,2025-09-23T02:53:32.357847
3d850fec-4172-4ea8-bc95-783c32d4eed0,86d5fde5-b38d-4c5b-a6c5-9bf4717161f5,Layla Lee,layla.lee5753@example.com,qa,2025-08-19T12:19:32.357847
7609665f-9136-41ca-9e73-ed1aa1578145,4226a61a-6a2f-412f-adef-e4a088a54e21,Benjamin Hernandez,benjamin.hernandez2843@example.com,qa,2025-11-01T13:36:32.357847
3da7a350-3c23-4279-a9d9-a12ad9a94ea8,3516d754-0922-468d-a18e-bec14b831875,Grace Ramirez,grace.ramirez9237@example.com,pm,2024-10-14T21:26:32.357847
a7656b43-a37b-430d-ade0-5419d4ae3da1,1e385107-39a0-4585-831d-2e95970590be,Lily Hill,lily.hill5296@example.com,designer,2025-02-28T14:57:32.357847
fb94d183-024c-4780-b953-b75e4e0f90ca,86f31b19-7cd7-40d1-b031-0273cd4109a0,Jack Clark,jack.clark4962@example.com,pm,2025-11-21T07:53:32.357847
02bb432d-66a4-44d1-92b5-97966ab0df77,86f31b19-7cd7-40d1-b031-0273cd4109a0,Abigail Ramirez,abigail.ramirez7405@example.com,dev,2025-01-05T10:21:32.357847
303368b9-b572-421b-8daa-e27bfa9f7283,3516d754-0922-468d-a18e-bec14b831875,Sophia Nguyen,sophia.nguyen9734@example.com,dev,2024-10-01T00:50:32.357847
405060e5-896b-4132-b4b2-322e384f7e1b,0f29e8b9-2559-4371-ba66-a030e5c808fb,Noah Clark,noah.clark9367@example.com,qa,2025-02-21T23:55:32.357847
e57d46e5-4203-497c-968e-aa1e6842d3d2,4d8fd0c8-f019-423d-8766-bb786166675a,Ethan Smith,ethan.smith7382@example.com,dev,2025-01-30T21:20:32.357847
a1fbf57d-514a-470c-894f-1d9263c090b4,4d8fd0c8-f019-423d-8766-bb786166675a,Lily Martinez,lily.martinez642@example.com,dev,2024-10-26T04:52:32.357847
79a3d297-a303-4efa-8458-49b60854d13f,4d8fd0c8-f019-423d-8766-bb786166675a,Aria Rodriguez,aria.rodriguez5963@example.com,dev,2025-04-03T06:59:32.357847
65678bb3-769d-4f38-87a7-f545e3ccf2e6,8553113e-cafa-4f21-828c-419e03c6600b,Emily Adams,emily.adams9796@example.com,dev,2025-02-09T17:04:32.357847
b5ecbeff-82a9-42f3-8541-75c5751d168c,1af4780d-bd6b-4617-8e74-8accdee5faea,Victoria Adams,victoria.adams6334@example.com,dev,2025-08-17T09:20:32.357847
3ecd292e-bc36-4f2e-a89a-225fc8c33cb2,1e385107-39a0-4585-831d-2e95970590be,David Davis,david.davis5732@example.com,dev,2024-12-12T14:47:32.357847
e4f65f02-a2e1-4409-9eb3-02d18e1d2707,39d9f497-5268-4264-9a05-c511203c28e9,Sophia Moore,sophia.moore9158@example.com,dev,2025-02-15T14:43:32.357847
d10adff6-a84c-47aa-9231-b4a231fb5cb9,39d9f497-5268-4264-9a05-c511203c28e9,Hannah Adams,hannah.adams8625@example.com,dev,2024-11-10T03:02:32.357847
15687db6-d51d-4cd0-a62f-78ed61e2517b,79e63416-eb1c-4864-8471-d6a9747b6176,Sofia Moore,sofia.moore2954@example.com,data,2025-02-02T04:13:32.357847
dbcaac82-7cb9-4bb1-8a39-05a27250a4c3,d7e966c0-538c-419a-8744-55fd5feea121,Mia Davis,mia.davis1265@example.com,dev,2025-10-06T02:36:32.357847
96653938-b448-4b3e-a664-01ba36ef9aac,ffaade6c-98e2-47b9-9b30-de496a1006cb,Hannah Young,hannah.young619@example.com,qa,2025-09-05T00:01:32.357847
cb71674d-f006-4e2c-ae6f-b10a55f788ab,4226a61a-6a2f-412f-adef-e4a088a54e21,Lucas Martinez,lucas.martinez2713@example.com,qa,2025-12-04T06:02:32.357847
62141419-f7ea-4e3f-a1a0-d061743c51fd,31f3d5ca-0239-4fc3-97cd-260db942f87e,John Wilson,john.wilson7278@example.com,qa,2024-10-15T11:51:32.357847
78644511-7513-4e41-9321-6147ea733f66,d7e966c0-538c-419a-8744-55fd5feea121,Abigail Lewis,abigail.lewis3179@example.com,dev,2024-10-23T04:36:32.357847
09abd41f-01d5-461a-b8eb-31f9b7480a9a,5a12d069-8aa5-436c-b266-d364276c449a,Layla Thompson,layla.thompson8240@example.com,dev,2025-08-05T12:34:32.357847
5f01ae9b-09cb-45aa-80cd-0211620fdc56,4bfdc391-9a8b-4aab-baca-9d0091f02b45,Mia Anderson,mia.anderson855@example.com,qa,2025-01-02T01:26:32.357847
5cc641ec-5a77-4ed7-835e-e3408a6a7876,1af4780d-bd6b-4617-8e74-8accdee5faea,Zoey Young,zoey.young2043@example.com,dev,2025-08-06T10:57:32.357847
b072f140-8958-47b5-9ebe-f2b87000ca07,4d8fd0c8-f019-423d-8766-bb786166675a,Ethan Sanchez,ethan.sanchez1503@example.com,data,2025-06-04T04:29:32.357847
4eb2e815-ed19-44fd-8bf3-9f8d2f29629a,318beaf9-d15f-4f84-ac27-dd5921a71511,Liam Harris,liam.harris873@example.com,dev,2024-12-31T12:01:32.357847
27444ab6-5af9-4cc4-865f-35101ec16ffd,86f31b19-7cd7-40d1-b031-0273cd4109a0,Sofia Gonzalez,sofia.gonzalez462@example.com,dev,2025-10-07T20:44:32.357847
83e5edb3-b26f-4ba0-ad7f-cdaa5a10511c,933533cc-baa3-470b-abb3-b75096a9bb13,Ethan Miller,ethan.miller628@example.com,dev,2024-09-20T20:32:32.357847
46ab4929-25b7-43c7-8c1a-5a6277f70126,4226a61a-6a2f-412f-adef-e4a088a54e21,Carter Baker,carter.baker7686@example.com,dev,2026-01-12T17:24:32.357847
5ef5b815-8c1e-470c-accb-2b712d855589,35ed53ca-c548-43b8-a782-af5c0a0997ed,Elijah Davis,elijah.davis8992@example.com,data,2024-07-26T06:18:32.357847
5bc0d6a6-72f0-4872-83a1-d82bcab627e0,8553113e-cafa-4f21-828c-419e03c6600b,Henry Wilson,henry.wilson4935@example.com,dev,2025-05-18T05:45:32.357847
26f534da-8261-45cb-8ede-b02e997eba41,4bfdc391-9a8b-4aab-baca-9d0091f02b45,Scarlett Johnson,scarlett.johnson1817@example.com,pm,2024-08-23T23:51:32.357847
048fc66c-be71-45e9-85b6-d91a60b8362a,79e63416-eb1c-4864-8471-d6a9747b6176,Levi Walker,levi.walker9422@example.com,dev,2025-08-23T09:58:32.357847
abf1c9ca-e323-48fb-aefb-551170e4d6c3,79e63416-eb1c-4864-8471-d6a9747b6176,Aria Lee,aria.lee3942@example.com,qa,2025-07-09T21:43:32.357847
1e24e1b3-c6fd-453a-8898-62862b564e81,86f31b19-7cd7-40d1-b031-0273cd4109a0,Chloe Perez,chloe.perez1109@example.com,data,2024-08-16T02:50:32.357847
6c428a28-c8ce-47b4-8e25-367ef699f49c,79e63416-eb1c-4864-8471-d6a9747b6176,Logan Lewis,logan.lewis714@example.com,qa,2024-12-31T10:38:32.357847
e0670087-4155-40dc-95ae-aa994bd86a8b,79e63416-eb1c-4864-8471-d6a9747b6176,Daniel Johnson,daniel.johnson5650@example.com,dev,2025-10-03T00:38:32.357847
3456e1b6-dc8c-4077-bbb0-76a3e7841620,8553113e-cafa-4f21-828c-419e03c6600b,Emily Miller,emily.miller727@example.com,dev,2025-02-04T23:14:32.357847
55649ef1-2942-4aed-8d27-72f421c65365,8553113e-cafa-4f21-828c-419e03c6600b,Aubrey Ramirez,aubrey.ramirez7841@example.com,qa,2025-09-01T16:40:32.357847
ae3bb51e-5c6b-48c8-9af5-b8f8904227c6,8553113e-cafa-4f21-828c-419e03c6600b,Scarlett Garcia,scarlett.garcia4808@example.com,dev,2025-06-27T18:05:32.357847
0efbfa09-5531-4ed1-8eac-3a19b948fa94,5a12d069-8aa5-436c-b266-d364276c449a,Owen White,owen.white8898@example.com,dev,2025-12-10T23:13:32.357847
094d9ea8-ec9a-476f-a4cf-b53865421844,5a12d069-8aa5-436c-b266-d364276c449a,Daniel Mitchell,daniel.mitchell784@example.com,designer,2025-02-12T11:18:32.357847
73b37fe4-f9cb-4134-a799-afb8b97f24cc,318beaf9-d15f-4f84-ac27-dd5921a71511,Avery White,avery.white7205@example.com,designer,2024-12-18T09:14:32.357847
bf6cce2f-d4b9-4d07-8dd1-25c21488ad84,d9ce1a61-299b-477c-ad7e-7dba3afea44e,Wyatt Robinson,wyatt.robinson6019@example.com,data,2024-08-04T10:34:32.357847
ad0eb391-b15c-445b-a2ba-becc140c3714,86f31b19-7cd7-40d1-b031-0273cd4109a0,John Sanchez,john.sanchez1294@example.com,dev,2025-07-17T02:07:32.357847
a1882af5-ec5a-47a3-8bfb-38f18c62a3a5,933533cc-baa3-470b-abb3-b75096a9bb13,Mason Williams,mason.williams5373@example.com,qa,2025-03-10T04:47:32.357847
89728b88-1179-4d80-bbd9-400e82ff1389,39d9f497-5268-4264-9a05-c511203c28e9,Avery Rodriguez,avery.rodriguez7273@example.com,dev,2025-12-04T19:30:32.357847
f062644f-6aa8-446c-9a5f-28954bf41b9b,318beaf9-d15f-4f84-ac27-dd5921a71511,Aria Sanchez,aria.sanchez4499@example.com,qa,2025-11-20T16:43:32.357847
99b71203-10f5-48ed-9568-df44f4e980d3,3516d754-0922-468d-a18e-bec14b831875,Ella Perez,ella.perez8407@example.com,pm,2025-08-07T19:16:32.357847
625cd1fe-f894-496c-8836-cd9ae52baf62,4bfdc391-9a8b-4aab-baca-9d0091f02b45,Aubrey Clark,aubrey.clark571@example.com,dev,2025-05-20T23:02:32.357847
9f9530ba-e5b7-44fc-8440-fd8f491115dc,318beaf9-d15f-4f84-ac27-dd5921a71511,Logan Wright,logan.wright531@example.com,qa,2024-10-14T08:02:32.357847
d3fa4088-99f6-446b-88b3-c12cb60e3828,4e1c9021-15f1-4a02-915e-da7bbc3280b6,Carter Johnson,carter.johnson9404@example.com,dev,2025-01-07T07:05:32.357847
00fb3c67-2729-41ae-adde-7e081eb0d32f,3516d754-0922-468d-a18e-bec14b831875,Evelyn Wilson,evelyn.wilson1859@example.com,dev,2025-07-11T03:52:32.357847
4fe34e58-4a57-4fdd-9044-4773d2aededc,b30c5a1e-8330-4735-a3d7-c3410f3ca99b,Victoria Jones,victoria.jones4289@example.com,pm,2024-10-18T12:46:32.357847
01c53f2d-4aa7-43a2-838f-38d8c4396849,5a12d069-8aa5-436c-b266-d364276c449a,Wyatt Robinson,wyatt.robinson3280@example.com,dev,2025-11-03T05:14:32.357847
6b2cc261-fbeb-4638-8e9a-b7360eaad3da,39d9f497-5268-4264-9a05-c511203c28e9,Sebastian Williams,sebastian.williams5237@example.com,qa,2025-11-12T01:51:32.357847
53f60edc-f122-45c2-8606-e54e0d305480,5a12d069-8aa5-436c-b266-d364276c449a,Abigail Rodriguez,abigail.rodriguez2853@example.com,pm,2024-08-15T12:18:32.357847
1cd11c26-83d5-494e-a897-8e8aef31e696,86d5fde5-b38d-4c5b-a6c5-9bf4717161f5,Mia Wilson,mia.wilson8095@example.com,dev,2025-01-05T04:34:32.357847
33bc961f-43d9-4ce4-a0b8-ee8776a69d1e,ffaade6c-98e2-47b9-9b30-de496a1006cb,Mia Nguyen,mia.nguyen1413@example.com,dev,2024-12-05T20:39:32.357847
04e5858e-b28b-4dbc-84c3-c751b03393d2,d9ce1a61-299b-477c-ad7e-7dba3afea44e,Chloe Harris,chloe.harris6709@example.com,pm,2025-11-03T15:05:32.357847
ce27c3c4-46e2-45fc-9be2-1ce1937928ea,3516d754-0922-468d-a18e-bec14b831875,Olivia Clark,olivia.clark7633@example.com,qa,2025-01-30T14:29:32.357847
b547b5db-adb1-42d5-8992-532498f4cbaa,8553113e-cafa-4f21-828c-419e03c6600b,Victoria Hill,victoria.hill9631@example.com,dev,2025-09-07T05:53:32.357847
edfecc10-0823-41cf-9e8b-cf5c6047cbf6,546717cc-f5a8-4c27-9abc-8a8820f7fbb9,Isabella Young,isabella.young2508@example.com,dev,2025-08-05T08:26:32.357847
ecab067f-e894-42b7-9fb3-71e2e447b126,39d9f497-5268-4264-9a05-c511203c28e9,James Lee,james.lee8502@example.com,designer,2025-10-29T11:13:32.357847
631394fc-ad61-4f35-ac00-c206666d050f,3516d754-0922-468d-a18e-bec14b831875,Victoria Thomas,victoria.thomas2051@example.com,qa,2025-10-14T02:44:32.357847
e2b82a39-e5cd-4185-aa85-5eeffd8059e1,90293151-f6f1-4afc-9120-171094fe00ae,Riley Scott,riley.scott2527@example.com,dev,2025-02-06T01:23:32.357847
64a20630-324a-46ac-ba75-a42f74d6d7da,79e63416-eb1c-4864-8471-d6a9747b6176,Sophia Garcia,sophia.garcia9450@example.com,dev,2025-06-16T00:59:32.357847
b07bdbf5-42bb-4d4a-9814-51bcc9a31a53,4bfdc391-9a8b-4aab-baca-9d0091f02b45,Levi Kim,levi.kim8160@example.com,designer,2025-03-26T23:06:32.357847
43ade07c-5e25-4119-b69f-67b48aaf6b55,d9ce1a61-299b-477c-ad7e-7dba3afea44e,Charlotte Adams,charlotte.adams6654@example.com,dev,2025-11-03T21:22:32.357847
23c1b8d1-581f-4eda-bc4c-fa36ae3c06f6,90293151-f6f1-4afc-9120-171094fe00ae,Sebastian Harris,sebastian.harris7934@example.com,dev,2025-02-03T00:16:32.357847
879861c0-1955-4b55-9172-0d8ffabceadc,933533cc-baa3-470b-abb3-b75096a9bb13,Zoey Jackson,zoey.jackson5659@example.com,other,2025-09-06T07:53:32.357847
878cbf47-efc7-4642-af9e-d688c716ccab,ffaade6c-98e2-47b9-9b30-de496a1006cb,Mason Jackson,mason.jackson3961@example.com,dev,2025-04-19T05:10:32.357847
9747cf10-3293-49dc-94e6-da93a2c92ce8,4226a61a-6a2f-412f-adef-e4a088a54e21,Mason Smith,mason.smith4755@example.com,data,2024-11-15T11:30:32.357847
8671c260-f6ec-44ee-bac2-bc64f80dc560,90293151-f6f1-4afc-9120-171094fe00ae,Michael Wright,michael.wright5124@example.com,dev,2025-08-07T03:53:32.357847
5ad2e04f-a77d-4864-9e51-93bca350cdea,4e1c9021-15f1-4a02-915e-da7bbc3280b6,Grace Moore,grace.moore8149@example.com,dev,2024-12-11T02:56:32.357847
5afaca15-ae85-4bd0-8c85-ece1bdbc4798,d7e966c0-538c-419a-8744-55fd5feea121,Elijah Scott,elijah.scott5782@example.com,dev,2025-04-04T03:47:32.357847
c9917cc9-e786-4652-815e-30a8271324f1,3516d754-0922-468d-a18e-bec14b831875,Aubrey Lewis,aubrey.lewis4682@example.com,dev,2025-09-29T06:17:32.357847
6f4b4c95-5f0f-439f-bb66-6e5aecb854b0,35ed53ca-c548-43b8-a782-af5c0a0997ed,John Perez,john.perez6607@example.com,dev,2024-12-03T17:49:32.357847
15eff39a-3882-41e2-b4ea-11a563bd8b34,ffaade6c-98e2-47b9-9b30-de496a1006cb,Harper Perez,harper.perez9065@example.com,dev,2024-12-18T02:57:32.357847
ccd4ffbc-4c5a-409c-a976-753514cdeca3,8553113e-cafa-4f21-828c-419e03c6600b,Victoria Thomas,victoria.thomas1947@example.com,dev,2025-10-10T07:02:32.357847
0d4f4333-c7e7-43b4-ad17-1aa65354fe4c,933533cc-baa3-470b-abb3-b75096a9bb13,Victoria Perez,victoria.perez2364@example.com,dev,2024-08-14T06:53:32.357847
c389f4b4-2fdb-437b-9ef6-41e7851e3299,546717cc-f5a8-4c27-9abc-8a8820f7fbb9,Noah Garcia,noah.garcia2246@example.com,qa,2024-09-19T02:56:32.357847
bad01133-c891-4ce3-b3cd-70073b6bd6ac,4226a61a-6a2f-412f-adef-e4a088a54e21,Joseph Walker,joseph.walker2291@example.com,dev,2025-02-25T14:00:32.357847
91ffa716-3589-49c8-9092-57f082cab333,4bfdc391-9a8b-4aab-baca-9d0091f02b45,Hannah Moore,hannah.moore9728@example.com,dev,2024-08-14T01:54:32.357847
90ec6ff0-0423-4e83-ada5-45c51c02a97d,39d9f497-5268-4264-9a05-c511203c28e9,Matthew Moore,matthew.moore7781@example.com,pm,2025-01-05T08:42:32.357847
32b296b6-58a6-4b35-afb9-2ca1f23c53e5,1af4780d-bd6b-4617-8e74-8accdee5faea,Jackson Scott,jackson.scott5041@example.com,pm,2025-12-20T23:55:32.357847
b5415e75-98e0-4c3d-85eb-d60f24f4fdfc,35ed53ca-c548-43b8-a782-af5c0a0997ed,Lily Mitchell,lily.mitchell9478@example.com,qa,2025-11-26T00:55:32.357847
2df6eb38-96e0-445a-bc47-ae60d8542bb0,90293151-f6f1-4afc-9120-171094fe00ae,Chloe Hill,chloe.hill6230@example.com,dev,2025-05-14T17:49:32.357847
672eef7c-db15-470f-9d7e-b5a5b804b47b,39d9f497-5268-4264-9a05-c511203c28e9,Isabella Hernandez,isabella.hernandez311@example.com,dev,2024-11-15T14:59:32.357847
28146158-be96-4278-be26-dcc6744a99b8,39d9f497-5268-4264-9a05-c511203c28e9,Elijah Harris,elijah.harris8222@example.com,pm,2024-09-21T19:39:32.357847
54d654ba-dd8c-40c4-8dc0-6f17c64c3a7d,546717cc-f5a8-4c27-9abc-8a8820f7fbb9,Zoey Miller,zoey.miller8499@example.com,dev,2025-02-18T21:55:32.357847
bc848576-aba4-4e99-a955-4aeb704acd40,4d8fd0c8-f019-423d-8766-bb786166675a,Logan Jackson,logan.jackson2838@example.com,dev,2025-02-01T02:03:32.357847
b0c454b8-e3b0-447c-b351-923b66ccb138,31f3d5ca-0239-4fc3-97cd-260db942f87e,Layla Hall,layla.hall4332@example.com,qa,2025-07-05T12:08:32.357847
2ea047be-3ff3-4805-8c37-e8030af5c0cb,ffaade6c-98e2-47b9-9b30-de496a1006cb,Abigail Gonzalez,abigail.gonzalez4877@example.com,pm,2025-06-18T20:40:32.357847
32f2be91-b860-42c6-9437-ce87211d8a69,d9ce1a61-299b-477c-ad7e-7dba3afea44e,Michael Lewis,michael.lewis5715@example.com,qa,2025-04-12T10:18:32.357847
0be7f779-2e0f-4e50-b701-485a87247e17,1e385107-39a0-4585-831d-2e95970590be,Aubrey Allen,aubrey.allen6221@example.com,designer,2024-12-09T07:36:32.357847
daf838aa-cb61-49a2-ad58-295ad7bde904,4226a61a-6a2f-412f-adef-e4a088a54e21,Henry Garcia,henry.garcia4713@example.com,data,2025-10-29T07:26:32.357847
12605b8f-2042-4335-ad7c-4a6531a7b1e8,4e1c9021-15f1-4a02-915e-da7bbc3280b6,Lily Anderson,lily.anderson7850@example.com,dev,2025-04-15T01:41:32.357847
26f1b1f3-6437-47c2-9d8a-0f8176c5c1c4,35ed53ca-c548-43b8-a782-af5c0a0997ed,Mia Brown,mia.brown9615@example.com,dev,2025-11-26T21:28:32.357847
8884041e-62cc-400f-8346-9301b4796e4d,4d8fd0c8-f019-423d-8766-bb786166675a,James Hill,james.hill3815@example.com,dev,2024-11-20T08:40:32.357847
8c78b464-4746-48c0-a301-fcaad2b3318d,d9ce1a61-299b-477c-ad7e-7dba3afea44e,Mason Adams,mason.adams2253@example.com,dev,2025-08-09T05:44:32.357847
3f379fac-c697-4635-a14d-f80ca891c142,d9ce1a61-299b-477c-ad7e-7dba3afea44e,Jack Flores,jack.flores3268@example.com,pm,2025-03-29T09:07:32.357847
fdefffc0-54f3-4e96-8635-f7c4ef1661c9,3516d754-0922-468d-a18e-bec14b831875,Emma Mitchell,emma.mitchell1466@example.com,qa,2025-05-25T01:38:32.357847
97a55dfb-cab0-40b0-bd5a-84073b3438c2,0f29e8b9-2559-4371-ba66-a030e5c808fb,Noah Martinez,noah.martinez6847@example.com,designer,2025-07-21T17:32:32.357847
2e77b778-887f-4a04-8cd2-68665239dbfe,b30c5a1e-8330-4735-a3d7-c3410f3ca99b,Grace Martinez,grace.martinez4743@example.com,designer,2026-01-08T09:49:32.357847
929c7a47-643b-4f65-8c68-191312f1e225,4bfdc391-9a8b-4aab-baca-9d0091f02b45,Mason Martin,mason.martin4663@example.com,dev,2024-07-30T03:29:32.357847
ce3c4a51-3047-47f1-82c6-99d3ab7ce215,4226a61a-6a2f-412f-adef-e4a088a54e21,Owen Ramirez,owen.ramirez4471@example.com,dev,2025-09-24T09:15:32.357847
53b3eec3-607f-4854-9f2a-e3c280baa0c6,0f29e8b9-2559-4371-ba66-a030e5c808fb,Scarlett Flores,scarlett.flores4216@example.com,qa,2026-01-02T20:04:32.357847
3443e834-3f97-4088-b8ce-8617916842cb,5a12d069-8aa5-436c-b266-d364276c449a,Matthew Adams,matthew.adams3165@example.com,dev,2024-11-28T05:53:32.357847
f15a6c80-3e6f-4f11-a18a-a31ca73701f4,933533cc-baa3-470b-abb3-b75096a9bb13,Sophia White,sophia.white1563@example.com,dev,2025-08-27T04:05:32.357847
88d04ba1-5216-47ee-b8c1-2b955e8117b9,d7e966c0-538c-419a-8744-55fd5feea121,Ava Anderson,ava.anderson6285@example.com,dev,2025-04-19T09:06:32.357847
c53dc490-0e80-4331-9410-b6a03077e86f,1e385107-39a0-4585-831d-2e95970590be,John Wright,john.wright188@example.com,dev,2025-01-13T21:10:32.357847
8da17af8-d79a-405a-8186-7daa45170ad9,546717cc-f5a8-4c27-9abc-8a8820f7fbb9,David Jones,david.jones7626@example.com,dev,2024-11-27T21:53:32.357847
0cb776a1-73e9-47c3-9657-270f51572ee6,39d9f497-5268-4264-9a05-c511203c28e9,Layla Moore,layla.moore1924@example.com,qa,2025-03-21T07:46:32.357847
cec1df94-7b97-4d42-859c-2fcab2bce13c,d7e966c0-538c-419a-8744-55fd5feea121,James Miller,james.miller7835@example.com,dev,2024-12-31T05:41:32.357847
01d0e194-98ae-4f05-ac9a-02ecfb30dabd,ffaade6c-98e2-47b9-9b30-de496a1006cb,Jack Campbell,jack.campbell8807@example.com,pm,2025-06-08T11:42:32.357847
740e47e9-cd89-479a-9a81-933458385b97,8553113e-cafa-4f21-828c-419e03c6600b,Joseph Williams,joseph.williams8610@example.com,dev,2025-01-12T16:27:32.357847
353257cc-59fe-46f8-aeda-0ff41a03433e,1e385107-39a0-4585-831d-2e95970590be,Isabella Smith,isabella.smith8973@example.com,data,2025-06-24T00:51:32.357847
8ee85d57-e995-42a5-94d7-1d69c6c64eab,4226a61a-6a2f-412f-adef-e4a088a54e21,Lucas Jackson,lucas.jackson8526@example.com,dev,2025-06-20T20:48:32.357847
3b36463e-fddd-485d-8fab-532857b5fd85,d9ce1a61-299b-477c-ad7e-7dba3afea44e,Sophia Walker,sophia.walker7299@example.com,pm,2024-10-10T14:53:32.357847
64a188e5-09bc-4324-ae78-b7167441c142,8b1d55f6-adba-455e-aa45-550124500e18,Scarlett Wright,scarlett.wright946@example.com,qa,2025-03-07T20:24:32.357847
59e6c8e1-9739-4f6c-8d3a-dc1877c356c5,b30c5a1e-8330-4735-a3d7-c3410f3ca99b,Benjamin Patel,benjamin.patel3571@example.com,qa,2025-12-02T06:03:32.357847
ec553ef3-d0bc-4c85-b2bb-b7b5549eeed2,39d9f497-5268-4264-9a05-c511203c28e9,Olivia Allen,olivia.allen988@example.com,data,2025-11-08T04:23:32.357847
4b9fdf23-319c-4ae3-a4ae-f101e667e93c,5a12d069-8aa5-436c-b266-d364276c449a,Jackson Martinez,jackson.martinez2219@example.com,pm,2024-11-13T07:28:32.357847
6fd4f7d2-ac39-4710-b203-9b9c67efe772,b30c5a1e-8330-4735-a3d7-c3410f3ca99b,Sebastian Thompson,sebastian.thompson6155@example.com,dev,2025-09-02T22:30:32.357847
e5db4e84-edfe-40bf-b73d-27e958f65254,318beaf9-d15f-4f84-ac27-dd5921a71511,Isabella Martinez,isabella.martinez8803@example.com,dev,2025-09-08T20:11:32.357847
bfe4d1c6-8ab9-4797-9574-6c1e779b598a,79e63416-eb1c-4864-8471-d6a9747b6176,Carter Kim,carter.kim4889@example.com,dev,2024-11-09T02:01:32.357847
dbe21870-ab0d-45f5-b423-29d8c49bc9a6,d7e966c0-538c-419a-8744-55fd5feea121,Charlotte Ramirez,charlotte.ramirez5672@example.com,dev,2025-07-07T19:37:32.357847
c17472bb-f766-4fe1-91f1-ca90a21e0f4f,1af4780d-bd6b-4617-8e74-8accdee5faea,Noah Green,noah.green6869@example.com,qa,2026-01-01T12:12:32.357847
3c796f84-592e-493b-84ef-c36c20dc1b06,86f31b19-7cd7-40d1-b031-0273cd4109a0,Mason Torres,mason.torres551@example.com,dev,2025-11-29T11:38:32.357847
e3402398-47c5-4a84-ab9c-d6fbf8348f20,546717cc-f5a8-4c27-9abc-8a8820f7fbb9,Ella Clark,ella.clark3840@example.com,dev,2025-11-21T14:53:32.357847
63783a28-0550-4351-b81d-07ec93eac18d,5a12d069-8aa5-436c-b266-d364276c449a,James Hall,james.hall9439@example.com,dev,2025-02-23T12:06:32.357847
c296019d-4156-429f-bc33-c32d3ecdd8ef,4226a61a-6a2f-412f-adef-e4a088a54e21,David Young,david.young3622@example.com,dev,2025-04-11T17:50:32.357847
389e3115-d531-4c3b-8767-736061d4cc91,1e385107-39a0-4585-831d-2e95970590be,Hannah Martinez,hannah.martinez7000@example.com,qa,2025-11-30T07:44:32.357847
b31eaff9-ee5d-48ef-b7ee-687285df3dc0,31f3d5ca-0239-4fc3-97cd-260db942f87e,Logan Young,logan.young5223@example.com,qa,2024-11-25T15:06:32.357847
4cbd8eb9-4097-4e53-910e-42caeae57b11,b30c5a1e-8330-4735-a3d7-c3410f3ca99b,Amelia Campbell,amelia.campbell8814@example.com,dev,2025-06-01T09:31:32.357847
463a1c73-bfef-49e9-85c6-78ec5e4bba2e,39d9f497-5268-4264-9a05-c511203c28e9,Ethan Ramirez,ethan.ramirez945@example.com,qa,2024-11-17T01:52:32.357847
f36c333b-d6e2-499c-ad76-5c5c51533c40,4226a61a-6a2f-412f-adef-e4a088a54e21,Logan Wilson,logan.wilson4178@example.com,dev,2025-10-29T04:31:32.357847
166b7362-131d-405f-bce6-ff144f34abb5,318beaf9-d15f-4f84-ac27-dd5921a71511,Sophia Allen,sophia.allen3121@example.com,dev,2024-12-26T21:47:32.357847
d8f4b16d-babd-4594-823a-8d00bf27e5f5,4bfdc391-9a8b-4aab-baca-9d0091f02b45,Noah Johnson,noah.johnson3083@example.com,pm,2025-06-09T04:12:32.357847
12154fe5-1595-4a7c-9e8c-387c65a0e7fb,933533cc-baa3-470b-abb3-b75096a9bb13,Abigail Patel,abigail.patel3471@example.com,data,2025-09-18T19:37:32.357847
4bc86dc4-f335-4d71-9a75-e585ffea40b1,d9ce1a61-299b-477c-ad7e-7dba3afea44e,Charlotte Nelson,charlotte.nelson9903@example.com,qa,2024-12-07T11:50:32.357847
19e506dd-6df1-4535-aeb0-02d6d4192440,933533cc-baa3-470b-abb3-b75096a9bb13,Layla Taylor,layla.taylor6237@example.com,dev,2025-01-15T10:09:32.357847
62ccde95-f8c6-4e4d-8421-9a9d74e20081,318beaf9-d15f-4f84-ac27-dd5921a71511,Owen Robinson,owen.robinson7636@example.com,dev,2024-09-24T08:27:32.357847
c906b035-5653-437d-bdc0-dd604cb61d49,86d5fde5-b38d-4c5b-a6c5-9bf4717161f5,Sofia Jackson,sofia.jackson6782@example.com,dev,2025-06-04T20:16:32.357847
105bd5e0-b4fa-41b4-ba04-8b1cc45f4df1,79e63416-eb1c-4864-8471-d6a9747b6176,Benjamin King,benjamin.king9569@example.com,qa,2024-11-16T10:16:32.357847
7f28854b-cc07-4464-9ba1-679525aadfab,86d5fde5-b38d-4c5b-a6c5-9bf4717161f5,Emily Gonzalez,emily.gonzalez6224@example.com,qa,2025-05-11T03:50:32.357847
c93f0d5f-bd55-441b-bf44-e79552d8104b,3516d754-0922-468d-a18e-bec14b831875,Aubrey Martin,aubrey.martin4217@example.com,pm,2024-09-03T19:44:32.357847
66239d8c-78d2-4da9-924e-3dc058f4a639,0f29e8b9-2559-4371-ba66-a030e5c808fb,Grace Ramirez,grace.ramirez2757@example.com,qa,2025-01-22T14:17:32.357847
2fcaa960-60c8-4a24-b187-102f9fbe2943,0f29e8b9-2559-4371-ba66-a030e5c808fb,Samuel Robinson,samuel.robinson3016@example.com,data,2025-11-18T03:23:32.357847
0d62aed5-25ef-4315-a0ba-980eccd748a1,86f31b19-7cd7-40d1-b031-0273cd4109a0,David Smith,david.smith105@example.com,dev,2025-05-26T16:40:32.357847
ef30fce6-4e0c-48c2-8736-0d4d35bb1d32,4226a61a-6a2f-412f-adef-e4a088a54e21,Ava Lopez,ava.lopez8286@example.com,dev,2025-11-16T23:45:32.357847
466806d5-c787-49b5-bb23-1d6178b1e728,31f3d5ca-0239-4fc3-97cd-260db942f87e,Aria Lewis,aria.lewis7994@example.com,dev,2024-11-22T19:24:32.357847
bdfaa3fe-2a05-4eec-852c-e04bfa5c1f57,4d8fd0c8-f019-423d-8766-bb786166675a,John Thomas,john.thomas8778@example.com,other,2025-12-31T02:33:32.357847
0d58d867-7bfc-4132-8e8c-ba5fec6affb1,39d9f497-5268-4264-9a05-c511203c28e9,Aubrey Sanchez,aubrey.sanchez2938@example.com,dev,2025-10-11T03:16:32.357847
27f69d85-8c63-4d8a-93d3-ea04ae978948,d7e966c0-538c-419a-8744-55fd5feea121,Harper Nguyen,harper.nguyen8626@example.com,dev,2025-01-20T10:35:32.357847
12e581ed-57fb-415b-a296-4ba4be6b0d25,b30c5a1e-8330-4735-a3d7-c3410f3ca99b,Sophia Perez,sophia.perez6653@example.com,dev,2025-05-12T21:11:32.357847
39fa89b2-2827-4c2b-8c3a-c65892a86d60,5a12d069-8aa5-436c-b266-d364276c449a,Aubrey Williams,aubrey.williams520@example.com,dev,2024-12-25T06:50:32.357847
672f7dc9-b560-4aee-93d7-8257544d7164,d9ce1a61-299b-477c-ad7e-7dba3afea44e,Emma Hill,emma.hill155@example.com,qa,2025-10-25T03:31:32.357847
46d578f9-2d4c-4eb5-9cfb-0ff55587b427,8b1d55f6-adba-455e-aa45-550124500e18,Lily Martin,lily.martin9271@example.com,other,2025-10-12T02:27:32.357847
93f3ad5a-c127-4748-9fe0-4c8f82acf46c,546717cc-f5a8-4c27-9abc-8a8820f7fbb9,James Lopez,james.lopez9287@example.com,dev,2025-12-01T16:42:32.357847
47f9f2d3-0f13-4cf2-97d0-9e57360aecbd,35ed53ca-c548-43b8-a782-af5c0a0997ed,Samuel Wright,samuel.wright540@example.com,dev,2025-03-01T19:12:32.357847
b3376cd4-b57a-47a0-a48a-f214780e9eae,1e385107-39a0-4585-831d-2e95970590be,Ethan Campbell,ethan.campbell6526@example.com,data,2025-03-17T13:49:32.357847
2c5c2cba-a1aa-43e5-abdf-0122e01f8c6e,d7e966c0-538c-419a-8744-55fd5feea121,Matthew Thompson,matthew.thompson8857@example.com,dev,2025-08-26T20:39:32.357847
48ce129f-7e03-4d80-90df-dfb810781e66,86f31b19-7cd7-40d1-b031-0273cd4109a0,Owen Rivera,owen.rivera5667@example.com,dev,2024-10-27T11:32:32.357847
496ec2b8-3445-4a14-a3f8-506b3abbb168,86f31b19-7cd7-40d1-b031-0273cd4109a0,Emily Torres,emily.torres9759@example.com,dev,2025-02-17T18:45:32.357847
17197323-8825-4868-9b23-6d355a5cfd0a,35ed53ca-c548-43b8-a782-af5c0a0997ed,Sebastian Robinson,sebastian.robinson3738@example.com,dev,2024-12-29T06:14:32.357847
4471af19-53e4-4879-8797-f75e76373e9b,31f3d5ca-0239-4fc3-97cd-260db942f87e,Riley Green,riley.green6228@example.com,dev,2025-03-21T11:40:32.357847
adebe119-6836-4cbc-a557-6fa617bf6052,86f31b19-7cd7-40d1-b031-0273cd4109a0,Sophia Thomas,sophia.thomas2527@example.com,dev,2025-08-12T20:01:32.357847
e15cf9fd-16fe-4f21-a0c7-3c11bd3d1831,933533cc-baa3-470b-abb3-b75096a9bb13,Sofia Brown,sofia.brown1500@example.com,dev,2025-03-08T05:02:32.357847
bb98d73f-0c6e-4c22-b1b8-1ec45f13af91,8553113e-cafa-4f21-828c-419e03c6600b,Evelyn Brown,evelyn.brown2171@example.com,dev,2024-11-02T04:50:32.357847
849ca06e-34d5-4752-a792-bc09d1e34e94,ffaade6c-98e2-47b9-9b30-de496a1006cb,Owen Harris,owen.harris1693@example.com,dev,2025-01-20T02:20:32.357847
1ad57dce-2989-4f06-b9f5-0c4143b33d5c,4bfdc391-9a8b-4aab-baca-9d0091f02b45,Joseph Jackson,joseph.jackson6312@example.com,dev,2024-11-20T06:36:32.357847
02f1e7be-a047-4fd1-b9e6-1eea4cb6f6fb,86f31b19-7cd7-40d1-b031-0273cd4109a0,John King,john.king3978@example.com,qa,2025-07-27T22:01:32.357847
5e4552ed-dd15-40ef-b267-96674f6ca3a5,90293151-f6f1-4afc-9120-171094fe00ae,Mia Thomas,mia.thomas4934@example.com,dev,2025-08-21T17:15:32.357847
95e44518-d431-4427-9beb-032d29367e3a,8b1d55f6-adba-455e-aa45-550124500e18,Evelyn Harris,evelyn.harris4912@example.com,dev,2025-10-31T08:09:32.357847
871ded08-c7f1-44da-ac42-b716e43c5d95,d7e966c0-538c-419a-8744-55fd5feea121,John Hill,john.hill8124@example.com,qa,2025-07-01T05:19:32.357847
73bb2730-3fa5-46b6-8da1-aafc5fa1c731,4226a61a-6a2f-412f-adef-e4a088a54e21,Abigail Patel,abigail.patel6484@example.com,dev,2024-12-24T08:57:32.357847
e48495a0-72d0-49e9-a491-30c536ee62a1,933533cc-baa3-470b-abb3-b75096a9bb13,Avery Flores,avery.flores9739@example.com,dev,2025-02-22T23:41:32.357847
94d79aac-9a53-454f-9904-57c96edb2334,86d5fde5-b38d-4c5b-a6c5-9bf4717161f5,Jack Jackson,jack.jackson2911@example.com,data,2025-02-25T09:38:32.357847
857b48dd-1fb4-42bb-a1ac-df3de54f1b2e,39d9f497-5268-4264-9a05-c511203c28e9,Levi Robinson,levi.robinson9436@example.com,pm,2025-02-18T07:08:32.357847
47654c82-a5d3-4932-9463-cbf70f0dc73e,b30c5a1e-8330-4735-a3d7-c3410f3ca99b,Sofia Jones,sofia.jones9239@example.com,dev,2025-07-16T21:36:32.357847
c5200f4d-2260-4e5c-b319-783fda060a49,ffaade6c-98e2-47b9-9b30-de496a1006cb,Liam Hall,liam.hall7564@example.com,data,2025-06-17T04:34:32.357847
2e51a994-98ba-4f3a-8e6a-00ef5a647be4,5a12d069-8aa5-436c-b266-d364276c449a,Wyatt Johnson,wyatt.johnson6704@example.com,qa,2025-08-27T23:06:32.357847
71ecd4a8-0262-42c6-b135-50d0b25424e0,d7e966c0-538c-419a-8744-55fd5feea121,Benjamin Green,benjamin.green2526@example.com,qa,2024-12-27T16:57:32.357847
dc442fe3-2f11-49f1-b55c-748b20e61be8,4bfdc391-9a8b-4aab-baca-9d0091f02b45,Jack Scott,jack.scott6567@example.com,dev,2024-11-15T02:23:32.357847
f94bf28d-8a4e-4eac-8771-d98810a771e9,318beaf9-d15f-4f84-ac27-dd5921a71511,Wyatt Allen,wyatt.allen9730@example.com,qa,2025-10-22T15:36:32.357847
6693d9e4-5ba5-4adc-b9d0-eea18682c105,d7e966c0-538c-419a-8744-55fd5feea121,David Green,david.green5817@example.com,dev,2025-12-03T00:44:32.357847
6bb28eb8-057a-4f92-8e14-eea6aeea42a2,31f3d5ca-0239-4fc3-97cd-260db942f87e,Lily White,lily.white5433@example.com,data,2024-11-03T16:25:32.357847
11ba99e4-8dd5-4b89-b158-b7e1a50fac0f,1af4780d-bd6b-4617-8e74-8accdee5faea,Benjamin Gonzalez,benjamin.gonzalez8367@example.com,qa,2025-06-05T05:02:32.357847
e8e752db-b8cb-4df4-b978-ec9a5b17a8c7,b30c5a1e-8330-4735-a3d7-c3410f3ca99b,Scarlett Mitchell,scarlett.mitchell9644@example.com,qa,2025-08-16T08:24:32.357847
9d1bbd21-8fa1-4ccd-9014-777165db11cc,d9ce1a61-299b-477c-ad7e-7dba3afea44e,Mason Taylor,mason.taylor6816@example.com,data,2025-10-22T15:32:32.357847
afae5bd7-0fd2-4384-95fb-90cfac292f6a,0f29e8b9-2559-4371-ba66-a030e5c808fb,Ethan Lee,ethan.lee5111@example.com,dev,2025-06-20T02:55:32.357847
f3f176f5-7c3f-415c-b34a-9507caac5a4f,318beaf9-d15f-4f84-ac27-dd5921a71511,Jack Brown,jack.brown7179@example.com,qa,2024-10-11T09:21:32.357847
6ea633f0-e961-4e73-9ac6-347af144d996,5a12d069-8aa5-436c-b266-d364276c449a,Noah Baker,noah.baker1886@example.com,dev,2025-01-30T23:19:32.357847
ddb8b866-f9af-4242-8577-23f536e33739,31f3d5ca-0239-4fc3-97cd-260db942f87e,Lucas Rivera,lucas.rivera3997@example.com,dev,2025-08-07T08:50:32.357847
5bf34f9b-b5e9-49a2-9322-cd5676c113e1,8b1d55f6-adba-455e-aa45-550124500e18,Scarlett Gonzalez,scarlett.gonzalez6637@example.com,qa,2025-07-10T22:43:32.357847
b0bdc5e3-966a-4e5c-8bfb-768d4cc2bdb6,8b1d55f6-adba-455e-aa45-550124500e18,Ella Kim,ella.kim3233@example.com,dev,2024-11-04T07:25:32.357847
e54f2394-0607-4dc5-9712-978c61c0af9d,39d9f497-5268-4264-9a05-c511203c28e9,Elijah Lopez,elijah.lopez4561@example.com,pm,2025-11-14T01:19:32.357847
b06a0a29-7795-4187-9d77-36028bbe5738,ffaade6c-98e2-47b9-9b30-de496a1006cb,Amelia Perez,amelia.perez5341@example.com,dev,2025-09-23T10:43:32.357847
cf503706-b951-4fb5-a8cc-55261081e215,d9ce1a61-299b-477c-ad7e-7dba3afea44e,Chloe Hill,chloe.hill5135@example.com,qa,2024-12-12T01:18:32.357847
9f3357d0-dd0d-4ee5-9de0-92b821044b24,318beaf9-d15f-4f84-ac27-dd5921a71511,Daniel Ramirez,daniel.ramirez2827@example.com,pm,2025-03-18T23:48:32.357847
c5991793-a5c5-4ffe-a155-819bf9e6cc92,86f31b19-7cd7-40d1-b031-0273cd4109a0,Aubrey Miller,aubrey.miller5132@example.com,dev,2025-03-11T16:14:32.357847
88531282-48b9-4ebd-abb7-c6e125d8911a,318beaf9-d15f-4f84-ac27-dd5921a71511,Wyatt Davis,wyatt.davis8370@example.com,dev,2025-08-29T01:01:32.357847
842e6f54-8d3e-4a1a-98a9-715ba68259ea,8b1d55f6-adba-455e-aa45-550124500e18,Amelia Robinson,amelia.robinson8805@example.com,qa,2025-07-24T02:15:32.357847
ce3bf5f0-623b-44d9-9923-9e0db1af2ac6,d9ce1a61-299b-477c-ad7e-7dba3afea44e,Henry Miller,henry.miller3066@example.com,dev,2024-10-13T00:22:32.357847
4aa84d04-1a69-4814-a32d-aed657ecf36d,318beaf9-d15f-4f84-ac27-dd5921a71511,Ava Robinson,ava.robinson2237@example.com,dev,2024-12-20T01:53:32.357847
d863f619-8b72-42b4-8d51-01cbf87f1943,3516d754-0922-468d-a18e-bec14b831875,Grace Harris,grace.harris8057@example.com,dev,2024-10-20T04:15:32.357847
d19ce44d-cfc2-46e3-b6dc-b430086876be,86f31b19-7cd7-40d1-b031-0273cd4109a0,Matthew Kim,matthew.kim3614@example.com,dev,2025-04-11T11:51:32.357847
2598b9d0-5ead-4c01-8e80-c8b03d5f70e4,5a12d069-8aa5-436c-b266-d364276c449a,Lucas Mitchell,lucas.mitchell7493@example.com,qa,2024-08-28T01:53:32.357847
b6f66b8e-a1ad-41a8-a267-bdbae90d0f4e,1af4780d-bd6b-4617-8e74-8accdee5faea,Matthew Jones,matthew.jones4390@example.com,pm,2025-01-07T01:33:32.357847
4b899935-5aa4-4410-87d6-fa085e465475,8553113e-cafa-4f21-828c-419e03c6600b,Noah Campbell,noah.campbell7232@example.com,dev,2024-11-08T15:38:32.357847
26779208-e093-4664-8618-a4ea56f13d03,3516d754-0922-468d-a18e-bec14b831875,Carter Wilson,carter.wilson4878@example.com,designer,2025-12-15T05:09:32.357847
c69d702a-c749-4dbe-9711-91dd6a9c02a9,318beaf9-d15f-4f84-ac27-dd5921a71511,Sophia Clark,sophia.clark1924@example.com,pm,2025-05-20T12:34:32.357847
c18d0d17-435d-47e6-8493-c32e65c84ead,0f29e8b9-2559-4371-ba66-a030e5c808fb,Riley Nelson,riley.nelson5745@example.com,designer,2024-11-05T13:46:32.357847
3f4510a4-c170-4b42-bec0-a883d196ab51,4226a61a-6a2f-412f-adef-e4a088a54e21,Elijah Lopez,elijah.lopez973@example.com,qa,2025-04-04T23:51:32.357847
0f97b4e6-5b83-4373-a73b-b7585363e65c,90293151-f6f1-4afc-9120-171094fe00ae,Michael Baker,michael.baker4795@example.com,dev,2025-04-19T02:28:32.357847
5010e2e4-3ac3-45ae-8c09-6c814114b627,31f3d5ca-0239-4fc3-97cd-260db942f87e,Mason Miller,mason.miller6744@example.com,data,2025-04-08T23:17:32.357847
7af03121-ea65-47cb-9e47-55aba3ea9686,39d9f497-5268-4264-9a05-c511203c28e9,Mia Wilson,mia.wilson2397@example.com,qa,2025-05-08T22:00:32.357847
2fdcf683-5132-463d-883c-c06838c143b5,d9ce1a61-299b-477c-ad7e-7dba3afea44e,Ethan Wright,ethan.wright4403@example.com,qa,2024-12-29T05:21:32.357847
45475901-3bee-409d-bb53-c0e91981f3e0,3516d754-0922-468d-a18e-bec14b831875,Layla Williams,layla.williams6601@example.com,dev,2025-04-07T20:26:32.357847
c81151e6-5ebf-463a-932d-d22a96c4766c,318beaf9-d15f-4f84-ac27-dd5921a71511,Scarlett Robinson,scarlett.robinson5363@example.com,qa,2025-10-13T19:56:32.357847
9787be62-e1a6-45ac-a0cc-bf3b260fadde,3516d754-0922-468d-a18e-bec14b831875,David Nelson,david.nelson5870@example.com,designer,2024-12-06T12:58:32.357847
46847213-db08-40c0-a4c8-19e46ae40f47,86d5fde5-b38d-4c5b-a6c5-9bf4717161f5,Grace Thomas,grace.thomas5290@example.com,pm,2025-02-06T01:49:32.357847
51b62b11-0684-4d13-a086-05c28d51fd9a,4226a61a-6a2f-412f-adef-e4a088a54e21,Matthew Robinson,matthew.robinson5632@example.com,designer,2025-11-29T18:19:32.357847
21e68b56-61ea-4027-a7a8-6dca8b647137,3516d754-0922-468d-a18e-bec14b831875,Scarlett Kim,scarlett.kim2036@example.com,data,2025-08-09T04:56:32.357847
8642e6d1-0c4c-403d-97d3-3a22243deb3c,79e63416-eb1c-4864-8471-d6a9747b6176,Avery Hernandez,avery.hernandez2162@example.com,designer,2025-03-14T13:30:32.357847
ea249f94-fa46-400d-b2ac-d6456b29b9dd,35ed53ca-c548-43b8-a782-af5c0a0997ed,Sophia Flores,sophia.flores5906@example.com,dev,2025-01-01T21:28:32.357847
e08d4c7d-d6b8-4c25-985d-ece32be28ebf,3516d754-0922-468d-a18e-bec14b831875,Lucas Smith,lucas.smith6494@example.com,qa,2025-05-23T05:44:32.357847
50e8cde2-dfe2-498d-9c9d-e61f89f8ad61,86f31b19-7cd7-40d1-b031-0273cd4109a0,Zoey Brown,zoey.brown18@example.com,dev,2025-10-30T14:48:32.357847
a6595441-ce72-4819-905d-9b1fc2d73bf9,d7e966c0-538c-419a-8744-55fd5feea121,Chloe Adams,chloe.adams7292@example.com,dev,2025-01-31T15:30:32.357847
79313dbe-80ea-4f2e-8fdb-838b135ebcd9,8b1d55f6-adba-455e-aa45-550124500e18,Wyatt Miller,wyatt.miller7827@example.com,dev,2024-12-21T16:39:32.357847
7e346db1-dff0-4136-b551-b2a8b1962bcb,1af4780d-bd6b-4617-8e74-8accdee5faea,Mason Jackson,mason.jackson6023@example.com,designer,2025-08-30T06:36:32.357847
b15ead7e-6951-4be3-a644-c171e4a1b34e,8553113e-cafa-4f21-828c-419e03c6600b,Mia Flores,mia.flores2341@example.com,dev,2026-01-08T23:44:32.357847
ab6f87f7-6f9b-4a9d-b66a-cb77d1759a32,90293151-f6f1-4afc-9120-171094fe00ae,Sebastian Lee,sebastian.lee3491@example.com,qa,2025-08-15T05:46:32.357847
f562dd8f-89a2-475e-b4c9-1a593d0ce113,31f3d5ca-0239-4fc3-97cd-260db942f87e,Sebastian Lopez,sebastian.lopez1421@example.com,designer,2025-08-27T15:48:32.357847
e904c27b-8448-4fb6-b01c-11ab1c5996b9,0f29e8b9-2559-4371-ba66-a030e5c808fb,Logan Lee,logan.lee7036@example.com,dev,2025-08-27T12:08:32.357847
b8493c8a-f8c2-4254-a5f0-70beee1814e6,3516d754-0922-468d-a18e-bec14b831875,Sophia Wilson,sophia.wilson9067@example.com,qa,2025-03-31T21:24:32.357847
daabfc83-b4df-4786-b441-ec2e1cd5f795,31f3d5ca-0239-4fc3-97cd-260db942f87e,Abigail Lopez,abigail.lopez8483@example.com,qa,2025-07-07T20:00:32.357847
b047a288-93fe-48f1-80ed-bb442a77d9b6,5a12d069-8aa5-436c-b266-d364276c449a,Lily Smith,lily.smith3922@example.com,dev,2025-09-24T11:54:32.357847
ba92228e-df6c-45d7-929d-3deac5422258,3516d754-0922-468d-a18e-bec14b831875,Joseph Johnson,joseph.johnson8656@example.com,designer,2026-01-05T07:26:32.357847
fa3cba1e-b92d-413b-b384-9ee6a042b923,933533cc-baa3-470b-abb3-b75096a9bb13,Mia Thompson,mia.thompson9313@example.com,dev,2025-07-25T03:36:32.357847
cbe27adb-75c9-4865-b348-9dcd44a3bd66,86f31b19-7cd7-40d1-b031-0273cd4109a0,Liam Scott,liam.scott1107@example.com,dev,2025-06-11T17:26:32.357847
482be5c3-111b-4be8-9cd4-6680e4bb406f,546717cc-f5a8-4c27-9abc-8a8820f7fbb9,Ella Walker,ella.walker4694@example.com,qa,2024-08-22T05:58:32.357847
cd65fd7a-f9b2-4f10-af07-202376ca434f,39d9f497-5268-4264-9a05-c511203c28e9,Ella Williams,ella.williams8792@example.com,dev,2025-08-14T11:20:32.357847
0b08984e-ea26-47d7-8bdd-9b7b2168b965,5a12d069-8aa5-436c-b266-d364276c449a,Sophia Walker,sophia.walker3330@example.com,other,2025-08-11T02:05:32.357847
fd7d0227-3e7d-44ab-a45a-c60a92f648d9,b30c5a1e-8330-4735-a3d7-c3410f3ca99b,Riley Hill,riley.hill1084@example.com,dev,2024-10-26T19:31:32.357847
0f88e37b-7bc4-42b4-9322-da4cec1a4278,d7e966c0-538c-419a-8744-55fd5feea121,Emma Wilson,emma.wilson1413@example.com,data,2025-09-21T04:46:32.357847
de01f742-9465-45e2-b6f5-dd06f22124e6,4bfdc391-9a8b-4aab-baca-9d0091f02b45,Emma Moore,emma.moore2878@example.com,dev,2025-08-29T21:25:32.357847
0851b83c-b3c1-4114-8a24-2f9687cab1b7,90293151-f6f1-4afc-9120-171094fe00ae,Grace Lee,grace.lee8569@example.com,dev,2025-04-27T14:02:32.357847
46e15f56-da7a-4eb7-8c3f-ff97c1ecc50c,4226a61a-6a2f-412f-adef-e4a088a54e21,Hannah Mitchell,hannah.mitchell4404@example.com,qa,2025-09-19T19:04:32.357847
b1c06f5b-5f63-46da-b882-b0dec5b6b507,8b1d55f6-adba-455e-aa45-550124500e18,Evelyn Young,evelyn.young1047@example.com,dev,2025-10-31T03:56:32.357847
ab4c445a-7185-442d-91a9-8c461f10842a,4d8fd0c8-f019-423d-8766-bb786166675a,Sofia Smith,sofia.smith8186@example.com,designer,2025-07-31T08:15:32.357847
b94355da-b45f-49bd-96f6-e462010496c5,35ed53ca-c548-43b8-a782-af5c0a0997ed,Layla Brown,layla.brown9403@example.com,qa,2025-09-21T11:38:32.357847
9002b40c-a2c0-47f5-b5cc-ba6e143584c2,4d8fd0c8-f019-423d-8766-bb786166675a,Ava Garcia,ava.garcia202@example.com,dev,2024-09-21T08:01:32.357847
a629cc62-d70a-4184-914f-047eb620f022,4226a61a-6a2f-412f-adef-e4a088a54e21,Amelia Garcia,amelia.garcia9059@example.com,pm,2024-11-14T12:05:32.357847
2c384ff8-cc18-45f8-8cca-8d7f141a01d0,d7e966c0-538c-419a-8744-55fd5feea121,Jackson Hall,jackson.hall5242@example.com,dev,2025-10-30T01:02:32.357847
74cc4857-5494-4613-8e19-865b201e72d9,1af4780d-bd6b-4617-8e74-8accdee5faea,Owen Adams,owen.adams863@example.com,dev,2024-08-07T18:00:32.357847
f13f1641-5e2a-4fb3-b921-c51475cdb5f4,86f31b19-7cd7-40d1-b031-0273cd4109a0,Scarlett Taylor,scarlett.taylor5091@example.com,dev,2024-10-07T19:02:32.357847
9bff5a1e-fa7d-465a-b81e-4c5e0860c88c,86d5fde5-b38d-4c5b-a6c5-9bf4717161f5,Henry Wright,henry.wright4980@example.com,qa,2025-05-14T05:02:32.357847
98b8a1a0-5750-41d3-8656-a449fbc1cd82,1e385107-39a0-4585-831d-2e95970590be,Grace Mitchell,grace.mitchell3202@example.com,qa,2025-05-11T15:25:32.357847
565d613b-94e8-4176-9b5f-d73ce6741776,8b1d55f6-adba-455e-aa45-550124500e18,Liam Gonzalez,liam.gonzalez8873@example.com,dev,2026-01-08T09:25:32.357847
70809490-2904-4583-a48b-a08cef6e99ca,8553113e-cafa-4f21-828c-419e03c6600b,David Thompson,david.thompson5039@example.com,dev,2025-05-19T05:54:32.357847
43f9d052-d7b6-405c-88aa-613d8c040bfc,546717cc-f5a8-4c27-9abc-8a8820f7fbb9,Ethan Baker,ethan.baker4585@example.com,dev,2025-05-25T02:59:32.357847
6e93aa07-0671-4e6a-832f-4f9bdcde923e,39d9f497-5268-4264-9a05-c511203c28e9,Sofia Ramirez,sofia.ramirez1392@example.com,qa,2024-08-18T14:45:32.357847
e2230b86-78d5-42c7-93fd-f24b6dd76c1b,b30c5a1e-8330-4735-a3d7-c3410f3ca99b,Olivia Scott,olivia.scott9304@example.com,dev,2025-09-06T12:07:32.357847
17b595b8-e800-4412-bc6d-03ee82792e10,35ed53ca-c548-43b8-a782-af5c0a0997ed,Michael White,michael.white5346@example.com,dev,2025-04-14T12:21:32.357847
1e041ffc-6847-4bdd-912a-2481904eeff5,86d5fde5-b38d-4c5b-a6c5-9bf4717161f5,Mia Mitchell,mia.mitchell9580@example.com,dev,2025-10-01T13:57:32.357847
806bcb12-33a4-4bcf-8554-acd357f5aabd,4e1c9021-15f1-4a02-915e-da7bbc3280b6,Michael Harris,michael.harris1979@example.com,dev,2025-06-19T05:06:32.357847
106ddb39-bf3d-4862-96d2-4e17930445f0,4e1c9021-15f1-4a02-915e-da7bbc3280b6,Benjamin Jones,benjamin.jones1482@example.com,dev,2025-03-11T20:41:32.357847
f17bed13-b724-48a5-ab38-df59e258cd65,4bfdc391-9a8b-4aab-baca-9d0091f02b45,Noah Lopez,noah.lopez5371@example.com,dev,2025-05-08T08:00:32.357847
bbfc70f0-6182-4b57-b3d7-009a48ae9486,4d8fd0c8-f019-423d-8766-bb786166675a,Emma Adams,emma.adams4897@example.com,dev,2025-07-23T19:00:32.357847
bdbc8446-ba74-43c1-ad40-3f988e262162,4e1c9021-15f1-4a02-915e-da7bbc3280b6,Victoria Rivera,victoria.rivera9014@example.com,dev,2024-10-01T15:34:32.357847
20d0d64f-c0b0-4adb-824b-d9f2b27f92e4,4226a61a-6a2f-412f-adef-e4a088a54e21,Isabella Patel,isabella.patel1011@example.com,pm,2025-06-04T15:13:32.357847
62cb7e50-288b-4e86-ba91-2641bdebb174,b30c5a1e-8330-4735-a3d7-c3410f3ca99b,Sofia Adams,sofia.adams1377@example.com,qa,2025-04-27T17:24:32.357847
485de411-dcda-4224-be63-76582fdfc6e2,86f31b19-7cd7-40d1-b031-0273cd4109a0,Harper Flores,harper.flores7266@example.com,pm,2025-10-15T09:18:32.357847
5cf53f0b-ea61-4558-9ca8-fada6d8f1f6a,546717cc-f5a8-4c27-9abc-8a8820f7fbb9,Scarlett Smith,scarlett.smith2753@example.com,data,2024-10-30T20:00:32.357847
0340eb32-bb75-4319-bf81-3c383fa5dbe1,d9ce1a61-299b-477c-ad7e-7dba3afea44e,Liam Thompson,liam.thompson6991@example.com,dev,2025-06-12T14:08:32.357847
30983842-73da-40bd-b27d-fd2d04c16f90,35ed53ca-c548-43b8-a782-af5c0a0997ed,Sebastian Davis,sebastian.davis568@example.com,qa,2025-05-10T23:07:32.357847
8610ebbd-8c06-4cbb-a062-d5a5f0a89f31,d9ce1a61-299b-477c-ad7e-7dba3afea44e,Jackson King,jackson.king7849@example.com,dev,2025-04-06T07:17:32.357847
dff7d2cf-f745-4ab3-9088-c20eb2c33379,8b1d55f6-adba-455e-aa45-550124500e18,Harper Flores,harper.flores8615@example.com,dev,2025-12-29T06:35:32.357847
474dc613-8a30-4e62-ad0e-fd47cde58e0d,39d9f497-5268-4264-9a05-c511203c28e9,Daniel Lewis,daniel.lewis8922@example.com,pm,2025-01-30T00:53:32.357847
4542fdae-7249-406e-b454-d7c4e8a7a5b9,933533cc-baa3-470b-abb3-b75096a9bb13,Logan Thomas,logan.thomas2947@example.com,dev,2025-06-07T18:28:32.357847
0e65d08e-97aa-4635-b221-7c975b7a5673,8553113e-cafa-4f21-828c-419e03c6600b,Evelyn Smith,evelyn.smith7729@example.com,dev,2025-05-24T14:19:32.357847
372568c6-e886-4ebe-89d6-1f4c01586fdc,d7e966c0-538c-419a-8744-55fd5feea121,David Wilson,david.wilson4367@example.com,dev,2025-11-21T11:49:32.357847
75b70178-8f2f-447a-b0ec-85057a3edec1,b30c5a1e-8330-4735-a3d7-c3410f3ca99b,Daniel Martinez,daniel.martinez2886@example.com,dev,2025-02-25T19:41:32.357847
5fda3c06-aac1-471a-9440-ed7e0614d11e,318beaf9-d15f-4f84-ac27-dd5921a71511,Riley Kim,riley.kim5762@example.com,data,2025-08-25T01:13:32.357847
d5d540d9-7005-4818-849c-c3dba3d045af,d9ce1a61-299b-477c-ad7e-7dba3afea44e,Samuel Moore,samuel.moore2877@example.com,dev,2025-10-17T18:11:32.357847
cf369555-9185-418a-9f83-ce31d6b543a1,4bfdc391-9a8b-4aab-baca-9d0091f02b45,James Kim,james.kim8626@example.com,dev,2025-02-12T00:13:32.357847
9fbb182e-50b1-4c59-a70e-6685a3ff349d,4226a61a-6a2f-412f-adef-e4a088a54e21,Emily Baker,emily.baker2908@example.com,data,2025-02-20T18:24:32.357847
5afb1ec5-1485-4271-a1fa-00b7eca7116c,4226a61a-6a2f-412f-adef-e4a088a54e21,Riley Baker,riley.baker2321@example.com,pm,2024-07-28T08:21:32.357847
19577aec-ca4a-4b55-bbba-762547e95e6f,318beaf9-d15f-4f84-ac27-dd5921a71511,Zoey Green,zoey.green6482@example.com,qa,2025-02-07T10:05:32.357847
2c687612-e2e7-4161-99dd-0ae7f488c925,4226a61a-6a2f-412f-adef-e4a088a54e21,Lucas Hall,lucas.hall7158@example.com,pm,2024-09-05T23:05:32.357847
b7bc0c33-0a25-466a-8450-465fe8adfe6b,90293151-f6f1-4afc-9120-171094fe00ae,Zoey King,zoey.king5847@example.com,dev,2025-07-22T07:06:32.357847
fe047607-c76f-4330-b65d-e1e303f1dd4d,0f29e8b9-2559-4371-ba66-a030e5c808fb,Wyatt Taylor,wyatt.taylor2087@example.com,dev,2026-01-15T20:49:32.357847
